fecha_hora;idelem;intensidad;ocupacion;carga;nivelServicio;error;st_x;st_y
08/12/2020 18:10:27;3409;80;1;3;0;N;436004,103195086;4472588,47356732
08/12/2020 18:10:27;4739;200;3;9;0;N;436039,395885266;4472397,54735486
08/12/2020 18:10:27;4740;90;1;3;0;N;436726,755473865;4472480,04932619
08/12/2020 18:10:27;4741;90;1;4;0;N;436896,653898518;4472514,21870137
08/12/2020 18:10:27;4742;90;1;3;0;N;436809,990969673;4472410,09421372
08/12/2020 18:10:27;4743;360;2;14;0;N;436817,148294475;4472417,20280615
08/12/2020 18:10:27;4744;180;1;6;0;N;436849,572089225;4472215,10451113
08/12/2020 18:10:27;4746;135;0;5;0;N;436869,228492762;4472052,56654993
08/12/2020 18:10:27;4747;135;3;14;0;N;436975,708839387;4471941,57973658
08/12/2020 18:10:27;4748;135;4;13;0;N;436785,094310191;4471871,34299176
08/12/2020 18:10:27;4749;315;2;17;0;N;436948,624418082;4471825,08634181
08/12/2020 18:10:27;4750;270;1;9;0;N;437072,020860823;4471688,02584565
08/12/2020 18:10:27;4751;315;4;24;0;N;437207,877265405;4471728,31227492
08/12/2020 18:10:27;3566;270;4;21;0;N;437217,295405096;4471732,15516418
08/12/2020 18:10:27;3567;360;4;12;0;N;437164,828862734;4471604,07802877
08/12/2020 18:10:27;3568;315;4;29;1;N;437070,490858331;4471587,82291284
08/12/2020 18:10:27;4752;135;4;15;0;N;437059,903896904;4471582,6982263
08/12/2020 18:10:27;4754;225;1;19;0;N;437345,974904364;4471906,86325488
08/12/2020 18:10:27;4758;90;0;6;0;N;436944,056157125;4471440,73261486
08/12/2020 18:10:27;4759;90;1;7;0;N;436800,742224295;4472594,58208627
08/12/2020 18:10:27;4760;0;0;0;0;N;436758,069107957;4472874,70538535
08/12/2020 18:10:27;4761;40;1;4;0;N;436765,108993995;4473038,76126792
08/12/2020 18:10:27;4762;0;0;0;0;N;436662,046626833;4472903,58626363
08/12/2020 18:10:27;4763;0;0;0;0;N;436448,726607281;4472837,3542256
08/12/2020 18:10:27;4764;40;1;5;0;N;436629,255765667;4472952,27943257
08/12/2020 18:10:27;4766;0;0;0;0;N;436245,937895162;4472915,91584757
08/12/2020 18:10:27;4767;0;0;0;0;N;436361,827325916;4472885,50436494
08/12/2020 18:10:27;4768;0;0;0;0;N;436367,779266637;4472884,06545138
08/12/2020 18:10:27;4769;0;0;0;0;N;436248,181818507;4472821,68015373
08/12/2020 18:10:27;4771;150;17;19;0;N;436059,229328309;4473083,18800668
08/12/2020 18:10:27;10226;90;0;6;0;N;436124,216157656;4472975,16179352
08/12/2020 18:10:27;10225;180;2;15;0;N;436117,789191019;4472976,06171115
08/12/2020 18:10:27;10228;210;3;18;0;N;436028,370557686;4472976,97723292
08/12/2020 18:10:27;4755;135;1;10;0;N;436561,174898876;4471932,70385405
08/12/2020 18:10:27;4745;135;6;14;0;N;436805,77031705;4472312,22610969
08/12/2020 18:10:27;4753;45;14;17;0;N;437321,537000796;4471807,89270294
08/12/2020 18:10:27;4756;0;0;0;0;N;437425,183061149;4471994,03407711
08/12/2020 18:10:27;10236;240;54;61;2;N;436066,625396645;4473064,21656181
08/12/2020 18:10:27;10237;90;1;7;0;N;436087,4253823;4473035,71338921
08/12/2020 18:10:27;4770;210;21;26;1;N;436105,131919826;4472993,10278712
08/12/2020 18:10:27;10227;180;43;50;1;N;436076,241305651;4473003,57407153
08/12/2020 18:10:27;4772;60;28;20;0;N;436092,756108665;4473056,44753655
08/12/2020 18:10:27;4757;225;29;40;1;N;437007,927332104;4471492,13654845
08/12/2020 18:10:27;4765;0;0;0;0;N;436551,923092691;4472929,51501338
08/12/2020 18:10:27;4778;290;3;12;0;N;440707,29075695;4470825,87214468
08/12/2020 18:10:27;4802;400;2;15;0;N;440832,564396191;4470282,68587916
08/12/2020 18:10:27;4803;400;2;15;0;N;440758,408071588;4470519,77118215
08/12/2020 18:10:27;4794;120;9;15;0;N;440765,130941772;4470421,65750666
08/12/2020 18:10:27;4808;990;2;20;0;N;441130,801935723;4467917,56541325
08/12/2020 18:10:27;4809;1200;5;37;1;N;441131,453895976;4467701,59796182
08/12/2020 18:10:27;4810;780;3;17;0;N;441147,248918979;4466861,44090788
08/12/2020 18:10:27;4811;90;9;15;0;N;440920,919982986;4466939,48684567
08/12/2020 18:10:27;4812;135;0;9;0;N;440777,956223248;4466856,47284932
08/12/2020 18:10:27;4813;45;0;2;0;N;440660,172972124;4466878,32662802
08/12/2020 18:10:27;4818;0;0;0;0;N;440540,811192423;4466723,52876067
08/12/2020 18:10:27;4819;45;0;3;0;N;440495,052879511;4466800,81723648
08/12/2020 18:10:27;10568;930;4;29;1;N;441140,730505848;4467243,42761236
08/12/2020 18:10:27;10569;690;3;22;0;N;441149,047878192;4467372,339124
08/12/2020 18:10:27;4822;2700;10;55;2;N;441076,136568388;4468370,64879615
08/12/2020 18:10:27;4823;1650;4;26;1;N;441109,086639252;4468183,90216609
08/12/2020 18:10:27;3569;1140;4;40;1;N;441253,145315085;4468452,5689107
08/12/2020 18:10:27;4824;840;5;32;1;N;440963,838374234;4468425,68407409
08/12/2020 18:10:27;4825;1950;8;41;1;N;441072,387739419;4468764,14166596
08/12/2020 18:10:27;4826;1500;3;30;1;N;441053,917008556;4468842,69937427
08/12/2020 18:10:27;4827;36;0;1;0;N;441022,002868574;4468940,95481982
08/12/2020 18:10:27;4828;120;2;5;0;N;441017,579962951;4468043,41222467
08/12/2020 18:10:27;4829;2100;5;34;1;N;441061,469268449;4468957,13748087
08/12/2020 18:10:27;3802;1290;3;26;1;N;441035,584824288;4469083,22190818
08/12/2020 18:10:27;3803;1350;4;28;1;N;441014,438026915;4469323,07853565
08/12/2020 18:10:27;4830;360;5;16;0;N;440970,661877262;4468726,22130603
08/12/2020 18:10:27;4831;270;1;7;0;N;441130,895808555;4468429,64626421
08/12/2020 18:10:27;4832;270;5;22;0;N;441216,543877529;4467059,97155031
08/12/2020 18:10:27;4833;180;3;9;0;N;441535,014521602;4467254,81764378
08/12/2020 18:10:27;4834;90;1;7;0;N;441547,018615864;4467360,44806796
08/12/2020 18:10:27;4835;135;4;15;0;N;441453,844031362;4467369,24379746
08/12/2020 18:10:27;4836;405;3;16;0;N;441394,500284137;4467200,14891231
08/12/2020 18:10:27;4837;360;2;14;0;N;441217,345221882;4468843,80256906
08/12/2020 18:10:27;10286;212;5;18;0;N;440982,170046404;4467557,45768245
08/12/2020 18:10:27;10288;0;0;0;0;N;440869,731491769;4467548,55596742
08/12/2020 18:10:27;10287;127;4;12;0;N;440860,939049423;4467552,41651884
08/12/2020 18:10:27;10289;42;22;24;0;N;440806,97627348;4467572,37291261
08/12/2020 18:10:27;10492;42;1;4;0;N;440903,306002629;4467630,00571773
08/12/2020 18:10:27;10493;0;0;0;0;N;440906,525628281;4467633,6640091
08/12/2020 18:10:27;10494;42;1;4;0;N;440946,437543787;4467489,3182227
08/12/2020 18:10:27;10284;180;8;19;0;N;441014,950149748;4469147,98849152
08/12/2020 18:10:27;10285;210;18;29;1;N;441025,067169371;4469136,5961502
08/12/2020 18:10:27;4817;45;0;3;0;N;440660,222200159;4466790,23380649
08/12/2020 18:10:27;4838;0;0;0;0;N;441211,644338298;4466834,29602243
08/12/2020 18:10:27;4820;90;22;27;1;N;441131,508722413;4468111,0682449
08/12/2020 18:10:27;4821;300;3;23;0;N;441088,880883218;4468053,8440778
08/12/2020 18:10:27;4839;90;1;7;0;N;440272,754652446;4466858,45465867
08/12/2020 18:10:27;4840;168;3;14;0;S;440177,913286808;4466754,02992766
08/12/2020 18:10:27;4841;360;4;15;0;N;439999,634124171;4466903,24471986
08/12/2020 18:10:27;3623;90;3;9;0;N;440029,71958168;4466684,0552859
08/12/2020 18:10:27;3624;270;16;31;1;N;439955,782319097;4466394,8510958
08/12/2020 18:10:27;4842;180;5;16;0;N;439979,220465055;4466278,23243285
08/12/2020 18:10:27;6825;0;0;0;0;N;440011,586204489;4466493,24495367
08/12/2020 18:10:27;7001;360;5;16;0;N;439075,913611295;4466180,12885341
08/12/2020 18:10:27;4845;90;3;9;0;N;439106,529653491;4466103,48914935
08/12/2020 18:10:27;4846;315;5;25;0;N;439034,872060939;4465998,41310394
08/12/2020 18:10:27;4847;270;2;10;0;N;439148,371851086;4466363,30638927
08/12/2020 18:10:27;4848;90;0;3;0;N;439207,849251157;4466543,35350873
08/12/2020 18:10:27;4849;225;1;8;0;N;440129,358539849;4466938,08525413
08/12/2020 18:10:27;4850;45;1;2;0;N;440071,55923303;4466823,88730099
08/12/2020 18:10:27;4851;45;1;2;0;N;440089,216861393;4466853,08553707
08/12/2020 18:10:27;4852;180;1;6;0;N;439937,761823509;4466788,27669985
08/12/2020 18:10:27;4853;45;0;3;0;N;440343,277129231;4466574,04525084
08/12/2020 18:10:27;4854;0;0;0;0;N;440299,0431185;4466528,89275246
08/12/2020 18:10:27;4855;45;0;2;0;N;440296,313393968;4466527,23300367
08/12/2020 18:10:27;4856;0;0;0;0;N;440235,197591413;4466556,73061189
08/12/2020 18:10:27;7000;45;3;6;0;N;439034,036898112;4466087,37870998
08/12/2020 18:10:27;4843;0;0;0;0;N;439050,419439405;4466068,05216908
08/12/2020 18:10:27;10514;48;0;3;0;N;433813,282180081;4478653,1873623
08/12/2020 18:10:27;10522;48;0;3;0;N;433877,542143932;4478769,07411107
08/12/2020 18:10:27;10520;0;0;0;0;N;433875,334981336;4478697,62737984
08/12/2020 18:10:27;10521;48;0;3;0;N;433794,069550591;4478724,41003587
08/12/2020 18:10:27;4860;127;38;22;0;N;433878,409666545;4479163,10004711
08/12/2020 18:10:27;10519;103;0;3;0;N;433578,076791471;4478252,23071638
08/12/2020 18:10:27;10517;0;0;0;0;N;433657,506688964;4478347,47938184
08/12/2020 18:10:27;10518;51;7;8;0;N;433667,088353314;4478237,6983317
08/12/2020 18:10:27;10516;257;0;9;0;N;434653,961780214;4478153,74042977
08/12/2020 18:10:27;10515;257;0;9;0;N;434455,299183325;4478144,98865335
08/12/2020 18:10:27;10513;212;4;18;0;N;433339,22791235;4479041,7310812
08/12/2020 18:10:27;4869;206;3;16;0;N;433865,847252134;4478467,06459782
08/12/2020 18:10:27;4870;51;1;4;0;N;433835,826859957;4478395,18346832
08/12/2020 18:10:27;4871;51;1;4;0;N;433966,940792051;4478400,22041884
08/12/2020 18:10:27;5220;96;0;3;0;N;433346,320286623;4478689,27129625
08/12/2020 18:10:27;4882;288;3;22;0;N;433595,623119354;4478649,26266747
08/12/2020 18:10:27;4883;48;0;2;0;N;433406,080934557;4478537,15809487
08/12/2020 18:10:27;4885;212;5;18;0;N;433456,653563992;4479018,63665492
08/12/2020 18:10:27;4886;0;0;0;0;N;433442,006121455;4479003,61089355
08/12/2020 18:10:27;4887;42;6;9;0;N;433420,158288547;4479004,44818668
08/12/2020 18:10:27;4888;85;1;7;0;N;433516,716414176;4479074,36310968
08/12/2020 18:10:27;4889;42;1;4;0;N;433904,942944983;4479042,71095954
08/12/2020 18:10:27;3625;42;0;3;0;N;434030,513441041;4479100,40943705
08/12/2020 18:10:27;3626;85;2;8;0;N;433947,662372843;4478973,87082905
08/12/2020 18:10:27;3627;96;1;7;0;N;433944,689975742;4478965,18521857
08/12/2020 18:10:27;4890;85;1;7;0;N;434040,116509389;4479102,02477798
08/12/2020 18:10:27;4858;0;0;0;0;N;434564,099016764;4478136,82620793
08/12/2020 18:10:27;5203;13;0;1;0;S;434542,27066301;4478164,90710857
08/12/2020 18:10:27;4861;0;0;0;0;N;433846,125034039;4479185,5439856
08/12/2020 18:10:27;4859;0;0;0;0;N;433855,02210665;4479155,58109448
08/12/2020 18:10:27;4867;120;58;61;2;N;432982,182700229;4478863,20238082
08/12/2020 18:10:27;4868;0;0;0;0;N;432749,895389022;4478580,03419923
08/12/2020 18:10:27;3419;0;0;0;0;N;434064,315792798;4477951,65821705
08/12/2020 18:10:27;4891;103;0;7;0;N;434089,425760774;4477959,94388385
08/12/2020 18:10:27;10523;48;0;2;0;N;432897,62176856;4479265,83417608
08/12/2020 18:10:27;10524;192;4;16;0;N;432820,193841001;4479333,0348026
08/12/2020 18:10:27;10526;288;1;10;0;N;432682,813882723;4479404,15901597
08/12/2020 18:10:27;10525;144;0;5;0;N;432728,720751052;4479251,01305577
08/12/2020 18:10:27;6635;212;2;14;0;N;429135,799607027;4480784,93321025
08/12/2020 18:10:27;6636;127;1;9;0;N;430411,330263208;4480142,30090019
08/12/2020 18:10:27;6637;127;1;9;0;N;429055,94734621;4480824,19091334
08/12/2020 18:10:27;6638;169;2;13;0;N;430517,55367067;4480087,5389321
08/12/2020 18:10:27;4878;288;0;10;0;N;432892,49354996;4479256,81574848
08/12/2020 18:10:27;4879;48;1;4;0;N;433041,738178079;4479282,56731585
08/12/2020 18:10:27;4880;384;1;13;0;N;433028,427611624;4479168,93444875
08/12/2020 18:10:27;5204;0;0;0;0;N;432944,976150562;4479189,05135494
08/12/2020 18:10:27;4881;192;0;6;0;N;433135,12729271;4479055,38003174
08/12/2020 18:10:27;5219;96;0;6;0;N;433116,097065662;4478938,84085167
08/12/2020 18:10:27;5217;240;5;20;0;N;433106,767337373;4478935,67669105
08/12/2020 18:10:27;5218;336;1;12;0;N;433244,761800443;4478935,40737463
08/12/2020 18:10:27;10108;411;7;33;1;N;433535,098918108;4479344,67360252
08/12/2020 18:10:27;10106;206;1;15;0;N;433524,832546177;4479141,87532674
08/12/2020 18:10:27;10104;411;4;30;1;N;433614,045022678;4479190,64009932
08/12/2020 18:10:27;10107;103;0;7;0;N;433448,139893046;4479270,37645523
08/12/2020 18:10:27;4866;360;4;27;1;N;433533,217382457;4479260,0361476
08/12/2020 18:10:27;10512;48;0;3;0;N;433226,306673676;4479028,85082042
08/12/2020 18:10:27;4872;299;1;21;0;S;433923,182935349;4478312,18224503
08/12/2020 18:10:27;4873;634;2;23;0;N;434015,211994578;4478273,09713356
08/12/2020 18:10:27;4877;309;1;21;0;N;433941,681349546;4478136,41294061
08/12/2020 18:10:27;4874;103;0;3;0;N;433792,080218606;4478274,20290335
08/12/2020 18:10:27;4875;224;3;10;0;N;433798,039226921;4478268,10241676
08/12/2020 18:10:27;4876;206;1;15;0;N;433914,04741661;4478373,18324749
08/12/2020 18:10:27;4884;309;0;10;0;N;434148,615309268;4478265,42378303
08/12/2020 18:10:27;4862;566;67;79;3;N;433527,510495162;4479247,58940762
08/12/2020 18:10:27;4863;360;1;25;0;N;433522,494292592;4479188,70150582
08/12/2020 18:10:27;10105;51;73;74;2;N;433543,535837658;4479211,59804314
08/12/2020 18:10:27;4865;154;3;13;0;N;433499,589875332;4479231,05985835
08/12/2020 18:10:27;3835;42;21;24;0;N;429113,259520388;4480775,52156369
08/12/2020 18:10:27;6632;0;0;0;0;N;429472,554132415;4480642,76929223
08/12/2020 18:10:27;6631;24;1;3;0;S;429463,72399598;4480598,1500608
08/12/2020 18:10:27;6633;23;7;9;0;S;429703,251569055;4480527,83601166
08/12/2020 18:10:27;6634;85;48;51;2;N;430427,733673941;4480160,63654959
08/12/2020 18:10:27;3570;0;0;0;0;N;434248,297873298;4478234,48651996
08/12/2020 18:10:27;4857;0;0;0;0;N;434239,004738595;4478272,67120699
08/12/2020 18:10:27;4895;540;2;14;0;N;435417,57723321;4470908,26979691
08/12/2020 18:10:27;4896;168;5;16;0;S;435399,014689844;4470990,49023409
08/12/2020 18:10:27;4897;288;1;10;0;N;435549,399787765;4471020,94213168
08/12/2020 18:10:27;4898;240;3;19;0;N;435632,46431106;4471441,43842839
08/12/2020 18:10:27;4899;280;6;24;0;N;435542,675503212;4471607,84195298
08/12/2020 18:10:27;4900;200;0;7;0;N;435654,798046459;4471717,89258097
08/12/2020 18:10:27;4901;160;2;12;0;N;435700,579703463;4471991,99575613
08/12/2020 18:10:27;4902;160;2;12;0;N;435728,443626975;4472052,00090541
08/12/2020 18:10:27;4912;120;1;9;0;N;436203,350958537;4471338,00082948
08/12/2020 18:10:27;4909;144;1;11;0;N;435578,748147121;4470770,11609678
08/12/2020 18:10:27;4913;0;99;99;3;N;435480,5679655;4470938,84691292
08/12/2020 18:10:27;4914;0;0;0;0;N;435634,806101466;4471292,02228248
08/12/2020 18:10:27;4917;0;0;0;0;N;435644,912897672;4471571,36901208
08/12/2020 18:10:27;4916;0;0;0;0;N;435645,825763664;4471610,56292581
08/12/2020 18:10:27;4892;0;0;0;0;N;436239,465385001;4471502,64331239
08/12/2020 18:10:27;4893;40;0;3;0;N;436210,78556862;4471495,17283625
08/12/2020 18:10:27;4910;108;58;21;0;N;435577,390566479;4470762,89589354
08/12/2020 18:10:27;4911;120;0;8;0;N;435865,440440061;4471508,68938685
08/12/2020 18:10:27;6831;108;0;7;0;N;435862,063066535;4471553,42175759
08/12/2020 18:10:27;4915;200;23;33;1;N;435431,467414773;4471615,23344393
08/12/2020 18:10:27;4922;288;1;11;0;N;436084,100406427;4469860,71458398
08/12/2020 18:10:27;4923;792;4;29;1;N;436552,857939529;4469701,12818965
08/12/2020 18:10:27;4926;864;6;33;1;N;437316,526927717;4469503,10875407
08/12/2020 18:10:27;4927;324;3;13;0;N;437278,75434222;4469572,97620705
08/12/2020 18:10:27;3840;100;0;14;0;N;441615,343346657;4475767,9421385
08/12/2020 18:10:27;3841;460;4;15;0;N;441705,882339595;4475769,68733175
08/12/2020 18:10:27;3842;1480;12;51;2;N;441319,371258338;4474841,15423716
08/12/2020 18:10:27;3843;1080;26;35;1;N;441301,63298559;4474763,7275141
08/12/2020 18:10:27;3844;1520;7;27;1;N;441605,765071902;4476132,13924728
08/12/2020 18:10:27;3845;1620;11;32;1;N;441382,968851413;4474993,8634694
08/12/2020 18:10:27;3846;1280;7;69;2;N;440758,289091424;4475515,12436752
08/12/2020 18:10:27;3847;420;10;46;1;N;441085,139017928;4475582,13769423
08/12/2020 18:10:27;3848;760;3;30;1;N;441114,888348354;4475374,79938861
08/12/2020 18:10:27;3850;1360;6;36;1;N;441254,990156824;4475271,45945618
08/12/2020 18:10:27;7029;1260;30;37;1;N;441401,492637174;4475072,29327272
08/12/2020 18:10:27;10034;160;3;17;0;N;441294,488284123;4474975,00966206
08/12/2020 18:10:27;3851;1280;5;42;1;N;441474,792659173;4475414,14427723
08/12/2020 18:10:27;10035;40;1;6;0;N;441225,949486602;4475017,33978404
08/12/2020 18:10:27;10036;20;0;8;0;N;441134,629601492;4475019,12682102
08/12/2020 18:10:27;3562;1680;7;41;1;N;441594,078438958;4475992,19154856
08/12/2020 18:10:27;3854;160;3;26;1;N;440920,452508756;4475212,93663489
08/12/2020 18:10:27;3852;1260;6;25;0;N;441454,558170417;4475270,02564628
08/12/2020 18:10:27;7026;1240;35;49;1;N;441404,68126178;4475071,23352072
08/12/2020 18:10:27;7011;740;21;52;2;N;441437,116590312;4475217,1832378
08/12/2020 18:10:27;7030;520;73;54;2;N;441411,753621468;4475130,01019905
08/12/2020 18:10:27;7032;540;18;45;1;N;441463,721234465;4475183,75601971
08/12/2020 18:10:27;3872;720;2;19;0;N;443030,390159122;4472919,54513215
08/12/2020 18:10:27;3891;340;2;18;0;N;442135,879561218;4472901,49980366
08/12/2020 18:10:27;3892;440;2;35;1;N;442131,528085776;4472893,18541482
08/12/2020 18:10:27;3893;300;2;19;0;N;442264,660724713;4472944,67233849
08/12/2020 18:10:27;3894;520;4;19;0;N;442295,403815277;4472816,9989673
08/12/2020 18:10:27;5072;300;2;12;0;N;442794,532529448;4472614,85964144
08/12/2020 18:10:27;5073;360;2;22;0;N;442855,45044416;4472429,94467759
08/12/2020 18:10:27;5074;280;1;20;0;N;442644,678724634;4472570,88944644
08/12/2020 18:10:27;3895;560;3;32;1;N;442943,844978377;4472358,97994159
08/12/2020 18:10:27;3896;60;1;18;0;N;442976,3718848;4472264,16532239
08/12/2020 18:10:27;3897;280;5;49;1;N;442172,151510438;4472758,24133354
08/12/2020 18:10:27;3898;260;2;10;0;N;442186,704876734;4472778,56230304
08/12/2020 18:10:27;3899;520;2;14;0;N;442657,604745335;4473182,16470107
08/12/2020 18:10:27;3900;220;5;18;0;N;442499,923619291;4473130,67422552
08/12/2020 18:10:27;3901;280;2;16;0;N;442346,694448948;4473092,90009028
08/12/2020 18:10:27;3902;1080;7;35;1;N;442774,469371036;4473165,55545401
08/12/2020 18:10:27;3903;40;28;24;0;N;442902,240290888;4472750,81704421
08/12/2020 18:10:27;3904;180;46;40;1;N;442861,974027871;4472744,91731855
08/12/2020 18:10:27;3905;499;2;18;0;N;443019,855727791;4472928,55075343
08/12/2020 18:10:27;3906;300;2;25;0;N;443012,751317426;4472809,73490013
08/12/2020 18:10:27;3433;720;3;16;0;N;442931,509753;4472772,43894067
08/12/2020 18:10:27;3907;100;1;16;0;N;442882,492267101;4472885,88160368
08/12/2020 18:10:27;3908;40;0;8;0;N;442659,202833257;4473038,09117119
08/12/2020 18:10:27;7036;140;3;14;0;N;442926,434778779;4472778,19979469
08/12/2020 18:10:27;9841;0;98;47;1;S;438338,115544704;4480454,49708179
08/12/2020 18:10:27;9843;580;5;26;1;N;438098,880458143;4480455,13738494
08/12/2020 18:10:27;9842;120;12;23;0;N;438305,950926946;4480365,97449961
08/12/2020 18:10:27;3909;420;2;19;0;N;442328,472341156;4478106,53458111
08/12/2020 18:10:27;3910;460;3;16;0;N;442703,668178519;4478108,85061351
08/12/2020 18:10:27;3911;460;2;17;0;N;442534,685252877;4477944,17351396
08/12/2020 18:10:27;3460;140;0;10;0;N;443412,198598478;4478255,71204997
08/12/2020 18:10:27;3461;540;3;19;0;N;443321,400033962;4478184,78968115
08/12/2020 18:10:27;3912;820;4;23;0;N;443485,088615569;4478182,52552084
08/12/2020 18:10:27;3913;560;4;20;0;N;442556,784483026;4478269,71793573
08/12/2020 18:10:27;3914;440;3;16;0;N;442614,070599179;4478104,31804049
08/12/2020 18:10:27;3915;540;4;18;0;N;442533,724640823;4478023,75062929
08/12/2020 18:10:27;3916;480;3;18;0;N;442458,032126514;4478107,1855427
08/12/2020 18:10:27;3917;400;3;19;0;N;442489,997368006;4478113,94188072
08/12/2020 18:10:27;3918;200;1;12;0;N;443419,461376571;4478260,52329487
08/12/2020 18:10:27;3919;580;2;15;0;N;443487,015542911;4478170,46777174
08/12/2020 18:10:27;3920;240;4;21;0;N;443396,400618437;4478077,13335997
08/12/2020 18:10:27;3921;640;2;17;0;N;443706,622412812;4478250,24129854
08/12/2020 18:10:27;3922;620;2;23;0;N;443570,133200399;4478139,53832116
08/12/2020 18:10:27;3923;420;2;18;0;N;442502,053105273;4477583,02450013
08/12/2020 18:10:27;3924;380;2;16;0;N;442320,032849799;4477674,74492378
08/12/2020 18:10:27;3925;280;1;14;0;N;442015,313887375;4477449,25780332
08/12/2020 18:10:27;3926;360;2;17;0;N;442331,469190783;4478116,8350236
08/12/2020 18:10:27;3927;460;2;17;0;N;442444,004392383;4477775,78889457
08/12/2020 18:10:27;3928;0;0;0;0;S;442111,40114357;4477482,79813282
08/12/2020 18:10:27;3604;120;19;22;0;N;442544,939030048;4477791,2449953
08/12/2020 18:10:27;3929;0;0;0;0;S;443080,021543235;4478143,02082175
08/12/2020 18:10:27;3605;40;1;5;0;N;443479,187271731;4478461,10434961
08/12/2020 18:10:27;10078;60;1;5;0;N;442804,137319837;4478231,12086774
08/12/2020 18:10:27;10076;540;3;13;0;N;442963,06583623;4478133,35398158
08/12/2020 18:10:27;10079;60;1;3;0;N;442813,628992329;4478002,05478156
08/12/2020 18:10:27;3606;620;9;26;1;N;442262,191356546;4478205,51795061
08/12/2020 18:10:27;3930;1060;6;24;0;N;441957,749688425;4477572,07936987
08/12/2020 18:10:27;3931;760;2;24;0;N;441819,892172871;4476938,8177294
08/12/2020 18:10:27;3932;2260;10;43;1;N;441685,593634683;4475440,23893096
08/12/2020 18:10:27;3933;80;0;11;0;S;441978,451690783;4476658,83200754
08/12/2020 18:10:27;3934;440;3;24;0;N;442059,01726871;4478118,41003143
08/12/2020 18:10:27;3935;400;4;28;1;N;441693,610525769;4476042,99981082
08/12/2020 18:10:27;3936;1120;5;41;1;N;441332,352916347;4474550,09936159
08/12/2020 18:10:27;3937;1320;6;47;1;N;441778,976128845;4476398,41306417
08/12/2020 18:10:27;3938;1280;5;43;1;N;441761,342445896;4476148,15147567
08/12/2020 18:10:27;3939;1640;7;45;1;N;441598,138972006;4474830,80364207
08/12/2020 18:10:27;3940;1520;7;48;1;N;441604,187975368;4475214,85727885
08/12/2020 18:10:27;3941;820;2;28;1;N;441804,807918529;4476720,05946516
08/12/2020 18:10:27;3942;340;2;26;1;N;441702,945413007;4476378,56741065
08/12/2020 18:10:27;3943;600;5;40;1;N;441717,489473088;4476379,53863383
08/12/2020 18:10:27;3944;1460;6;43;1;N;441741,179442749;4475864,05103727
08/12/2020 18:10:27;3945;80;2;20;0;N;441671,385099568;4475477,56936693
08/12/2020 18:10:27;3946;0;99;41;1;S;441747,387130317;4475193,015491
08/12/2020 18:10:27;3798;1700;8;52;2;N;441584,325458217;4474716,88545759
08/12/2020 18:10:27;3697;1300;6;30;1;N;441793,888262671;4474665,18373823
08/12/2020 18:10:27;3947;1120;5;32;1;N;441563,81764889;4474366,70628363
08/12/2020 18:10:27;3948;360;3;17;0;N;441900,509108924;4476562,73036861
08/12/2020 18:10:27;3578;1280;7;49;1;N;441643,909062137;4475160,03342175
08/12/2020 18:10:27;4223;740;3;30;1;N;441513,800475242;4475082,27485935
08/12/2020 18:10:27;10048;660;4;24;0;N;442171,127444189;4478021,06848233
08/12/2020 18:10:27;10049;0;0;1;0;S;442176,90795197;4478016,4812432
08/12/2020 18:10:27;10018;1560;7;46;1;N;441314,395393921;4474549,15438348
08/12/2020 18:10:27;3950;800;5;50;1;N;442664,398454221;4476394,76746293
08/12/2020 18:10:27;9894;320;2;19;0;N;441871,940514373;4475024,48683067
08/12/2020 18:10:27;3952;320;1;13;0;N;442448,874747091;4477134,82572167
08/12/2020 18:10:27;3953;220;1;18;0;S;442549,542669983;4477033,9346986
08/12/2020 18:10:27;3954;320;1;13;0;S;442430,365872894;4476844,20093067
08/12/2020 18:10:27;10606;0;0;0;0;S;442066,963456097;4476656,70334526
08/12/2020 18:10:27;4224;499;3;24;0;N;442394,135527645;4476382,57780313
08/12/2020 18:10:27;4225;560;3;48;1;S;441951,127313683;4476565,13008311
08/12/2020 18:10:27;3956;280;1;9;0;S;442088,539696657;4476886,50271135
08/12/2020 18:10:27;9893;1380;4;21;0;N;441948,555134308;4474911,4227666
08/12/2020 18:10:27;3958;540;28;29;1;N;442404,272199216;4476630,14017172
08/12/2020 18:10:27;3757;1320;6;32;1;N;442037,850474148;4476174,46799237
08/12/2020 18:10:27;3959;1020;3;21;0;N;442050,654898635;4476404,36364485
08/12/2020 18:10:27;3960;1900;10;42;1;N;442011,697616966;4476569,29132201
08/12/2020 18:10:27;3720;1660;6;27;1;N;441963,184474687;4475053,65140343
08/12/2020 18:10:27;9890;1440;5;28;1;N;441977,616507621;4475347,82782993
08/12/2020 18:10:27;3961;300;1;19;0;N;442135,014671019;4476751,40289093
08/12/2020 18:10:27;3497;240;0;17;0;N;442028,812724836;4476682,59047938
08/12/2020 18:10:27;3434;600;5;44;1;N;442071,792379765;4476601,66417745
08/12/2020 18:10:27;3435;1080;7;37;1;N;442090,144017708;4476551,25456124
08/12/2020 18:10:27;3962;300;2;21;0;N;442121,453385774;4476025,77274241
08/12/2020 18:10:27;3963;540;4;26;1;N;441881,504769244;4476024,97761421
08/12/2020 18:10:27;3964;1460;7;37;1;N;442017,073322946;4475892,72266425
08/12/2020 18:10:27;3965;1560;9;39;1;N;441997,70668377;4475622,05137379
08/12/2020 18:10:27;3966;100;1;10;0;N;442223,515613048;4476836,49412206
08/12/2020 18:10:27;3967;1660;17;53;2;N;442163,439035378;4476556,16907328
08/12/2020 18:10:27;3968;1120;7;36;1;N;442425,733152035;4476525,52391374
08/12/2020 18:10:27;3969;1060;8;55;2;N;442477,492153572;4476531,63632174
08/12/2020 18:10:27;3970;840;7;44;1;N;442466,342815802;4476608,5852883
08/12/2020 18:10:27;3971;380;3;47;1;N;441850,831647978;4476273,34094499
08/12/2020 18:10:27;3972;160;1;18;0;N;441964,785729344;4476260,44738176
08/12/2020 18:10:27;3973;300;1;19;0;N;442421,450853048;4476889,65500147
08/12/2020 18:10:27;3974;1140;10;51;2;N;442521,760909497;4476579,11710875
08/12/2020 18:10:27;3975;300;2;13;0;N;442407,325371999;4476560,26100423
08/12/2020 18:10:27;3976;499;3;97;3;N;442306,696759804;4476819,10264037
08/12/2020 18:10:27;3977;880;4;22;0;N;442361,007141891;4476785,18340251
08/12/2020 18:10:27;3978;120;0;9;0;N;442407,054394554;4476951,17034058
08/12/2020 18:10:27;3979;340;25;42;1;N;441818,261637162;4475756,66664587
08/12/2020 18:10:27;3980;120;2;23;0;N;441929,047862775;4475746,73225156
08/12/2020 18:10:27;3981;20;0;18;0;N;442060,716713559;4476401,77516302
08/12/2020 18:10:27;3982;420;7;31;1;N;442055,633952062;4476401,57293942
08/12/2020 18:10:27;4014;180;7;35;1;N;441907,22160408;4475307,46448192
08/12/2020 18:10:27;9892;1440;4;21;0;N;442047,374695265;4476303,46936414
08/12/2020 18:10:27;3949;940;4;21;0;N;442010,383570348;4477199,71481462
08/12/2020 18:10:27;3951;740;70;42;1;S;442198,698128262;4476973,63836243
08/12/2020 18:10:27;10607;0;0;0;0;S;442081,125502992;4476840,8099549
08/12/2020 18:10:27;3957;560;7;55;2;N;442150,353274776;4477013,31284782
08/12/2020 18:10:27;9895;1340;5;19;0;N;442071,085666228;4477143,15798984
08/12/2020 18:10:27;3992;580;2;15;0;S;442654,237370317;4476381,02379695
08/12/2020 18:10:27;3993;520;3;15;0;N;443052,411241935;4475842,5992332
08/12/2020 18:10:27;3994;240;1;14;0;N;442692,65758456;4475289,85147503
08/12/2020 18:10:27;3995;920;3;18;0;N;442869,917231547;4476126,73421162
08/12/2020 18:10:27;3607;800;2;18;0;N;442890,881526196;4476074,39294359
08/12/2020 18:10:27;3608;320;2;21;0;N;443038,725100847;4476058,23037736
08/12/2020 18:10:27;3996;20;0;11;0;N;442885,401249202;4475957,48933404
08/12/2020 18:10:27;3579;180;1;17;0;N;442743,802592581;4476074,10736803
08/12/2020 18:10:27;3997;220;1;11;0;N;442732,654791562;4475835,45136617
08/12/2020 18:10:27;3612;80;1;12;0;N;442726,19088959;4475803,62333158
08/12/2020 18:10:27;3613;120;0;9;0;N;442713,986869635;4475570,10774256
08/12/2020 18:10:27;3998;120;1;19;0;N;442625,539228201;4475696,23380377
08/12/2020 18:10:27;3999;180;2;21;0;N;442843,635604462;4475684,32603822
08/12/2020 18:10:27;4000;340;8;32;1;N;442988,86926783;4475671,50032445
08/12/2020 18:10:27;4001;300;3;15;0;N;442865,52368396;4475971,5596296
08/12/2020 18:10:27;10013;440;3;8;0;N;443045,328774227;4475835,15085747
08/12/2020 18:10:27;10192;120;2;22;0;N;442747,376919354;4476157,95017405
08/12/2020 18:10:27;10193;0;100;48;1;S;442751,844539222;4476156,90766263
08/12/2020 18:10:27;4002;340;2;21;0;N;442463,544053523;4475137,41333573
08/12/2020 18:10:27;4003;600;4;31;1;N;442306,161104293;4475259,79590951
08/12/2020 18:10:27;4004;180;1;15;0;N;442280,139473907;4476237,55369159
08/12/2020 18:10:27;4005;220;2;14;0;S;442511,517013964;4475711,77202883
08/12/2020 18:10:27;4006;160;1;21;0;S;442504,247323863;4475704,26327693
08/12/2020 18:10:27;5081;460;3;26;1;N;442382,973764909;4476350,62503926
08/12/2020 18:10:27;4008;499;3;28;1;N;442373,423389673;4476216,21854715
08/12/2020 18:10:27;4009;380;2;20;0;N;442358,915085976;4475874,92800954
08/12/2020 18:10:27;4010;499;4;29;1;N;442347,887512009;4475852,72730131
08/12/2020 18:10:27;4011;440;3;19;0;N;442339,054551865;4475597,95571756
08/12/2020 18:10:27;4012;340;2;33;1;N;442137,268862262;4476253,14535307
08/12/2020 18:10:27;4013;460;3;35;1;N;442495,394481021;4476226,17767591
08/12/2020 18:10:27;7037;1300;16;48;1;N;442071,532490849;4475170,70036857
08/12/2020 18:10:27;4015;440;8;40;1;N;442207,680320219;4475156,20625046
08/12/2020 18:10:27;5082;860;4;49;1;N;442419,261524346;4475145,56031098
08/12/2020 18:10:27;4016;140;2;20;0;N;442124,823853038;4475733,77553035
08/12/2020 18:10:27;4017;220;3;21;0;N;442103,715078713;4475737,62119934
08/12/2020 18:10:27;10098;560;4;14;0;N;442386,739843083;4476258,74540173
08/12/2020 18:10:27;10099;60;1;2;0;N;442370,32234784;4476136,88829144
08/12/2020 18:10:27;10100;240;3;9;0;N;442354,392950168;4475844,69470006
08/12/2020 18:10:27;10101;160;3;9;0;N;442323,808296481;4475415,52208118
08/12/2020 18:10:27;10102;40;5;6;0;N;442311,58766635;4475296,74773295
08/12/2020 18:10:27;10170;120;1;25;0;N;442388,529555608;4476396,36262791
08/12/2020 18:10:27;4018;1020;4;51;2;N;443937,383722988;4475953,70292113
08/12/2020 18:10:27;4019;800;2;32;1;N;443993,831389334;4475729,55450749
08/12/2020 18:10:27;7109;1240;9;34;1;N;444090,395302005;4475874,79935127
08/12/2020 18:10:27;3753;580;2;18;0;N;442939,089426116;4475283,85745965
08/12/2020 18:10:27;4021;400;1;16;0;N;442471,094026169;4475000,18162287
08/12/2020 18:10:27;4022;400;3;39;1;N;442205,698801225;4474750,47133827
08/12/2020 18:10:27;4023;499;5;35;1;N;443169,114174393;4475622,25292254
08/12/2020 18:10:27;4024;140;1;16;0;N;442694,827347124;4475383,75902914
08/12/2020 18:10:27;4025;1140;4;29;1;N;443771,042896999;4475790,60503154
08/12/2020 18:10:27;4026;760;10;43;1;N;442199,992473981;4474755,24675353
08/12/2020 18:10:27;4027;120;57;33;1;S;442025,935395892;4474726,04884114
08/12/2020 18:10:27;4028;0;100;48;1;S;442159,303558239;4474832,6082597
08/12/2020 18:10:27;4029;480;3;24;0;N;442396,699103444;4474965,92642345
08/12/2020 18:10:27;4030;100;1;19;0;N;443332,484838639;4475637,97103914
08/12/2020 18:10:27;4031;800;5;33;1;N;443465,892025585;4475611,16890457
08/12/2020 18:10:27;4032;1040;6;34;1;N;443391,116296302;4475557,10342602
08/12/2020 18:10:27;4033;560;21;44;1;N;443305,403645003;4475372,67549691
08/12/2020 18:10:27;4034;700;5;31;1;N;443135,264315597;4475397,65306474
08/12/2020 18:10:27;4035;620;5;35;1;N;443163,483885482;4475423,12006524
08/12/2020 18:10:27;4020;260;15;26;1;N;444082,238438061;4475902,17650485
08/12/2020 18:10:27;3616;360;2;18;0;N;443174,2618651;4475658,92147089
08/12/2020 18:10:27;4036;940;6;38;1;N;443519,470548912;4475637,10241655
08/12/2020 18:10:27;4037;340;1;13;0;N;443665,38301294;4475829,88335038
08/12/2020 18:10:27;7038;1380;6;38;1;N;443791,82644273;4475818,66468485
08/12/2020 18:10:27;4039;480;3;33;1;N;442932,74988845;4475109,76236116
08/12/2020 18:10:27;4040;100;0;17;0;N;443095,058933762;4475092,519127
08/12/2020 18:10:27;4041;200;1;25;0;N;442664,672152132;4474946,19716791
08/12/2020 18:10:27;4042;300;3;23;0;N;442664,802373007;4474878,37863165
08/12/2020 18:10:27;4043;440;3;21;0;N;442296,998063904;4475013,3431573
08/12/2020 18:10:27;4044;260;2;15;0;N;442313,36492776;4474992,95632621
08/12/2020 18:10:27;4045;460;54;43;1;S;442287,02382531;4474988,36255236
08/12/2020 18:10:27;4046;80;13;34;1;N;442934,017641057;4474926,8949491
08/12/2020 18:10:27;4047;180;4;37;1;N;442926,755995999;4474952,59670046
08/12/2020 18:10:27;4048;920;5;18;0;N;442019,952482919;4474711,24993166
08/12/2020 18:10:27;7040;600;18;56;2;N;443981,832082757;4475849,8584078
08/12/2020 18:10:27;4038;340;7;49;1;N;443984,419826539;4475872,25565048
08/12/2020 18:10:27;9888;200;1;17;0;N;442206,890418189;4475002,50037121
08/12/2020 18:10:27;10103;20;0;3;0;N;442290,51233198;4475013,42777771
08/12/2020 18:10:27;4052;1300;8;53;2;N;442776,094171763;4474759,55966079
08/12/2020 18:10:27;4053;980;6;45;1;N;442505,933663119;4474778,10965675
08/12/2020 18:10:27;4054;460;2;14;0;N;442347,262268916;4474675,53066866
08/12/2020 18:10:27;4055;440;4;26;1;N;442538,122697889;4474769,52907357
08/12/2020 18:10:27;4057;140;3;37;1;N;442715,225361506;4474404,19503069
08/12/2020 18:10:27;4058;120;3;43;1;N;442579,632199088;4474395,89937461
08/12/2020 18:10:27;10093;160;3;20;0;N;442624,828947245;4474353,88543797
08/12/2020 18:10:27;4060;400;4;26;1;N;442552,32856708;4473875,81669342
08/12/2020 18:10:27;4061;499;2;21;0;N;442476,722454455;4473361,71743563
08/12/2020 18:10:27;4062;160;1;10;0;N;442799,296917579;4473601,27474617
08/12/2020 18:10:27;3462;400;3;23;0;N;442578,76447682;4473526,28389533
08/12/2020 18:10:27;4063;240;3;17;0;N;442705,711020536;4473601,38438971
08/12/2020 18:10:27;4064;240;4;39;1;N;442635,605622611;4474520,55873884
08/12/2020 18:10:27;3609;340;3;19;0;N;442579,439425929;4473754,98950747
08/12/2020 18:10:27;3610;100;1;23;0;N;442583,542652314;4473755,90476339
08/12/2020 18:10:27;4066;360;4;19;0;N;442611,706969849;4473677,56594756
08/12/2020 18:10:27;4067;40;1;12;0;N;442647,643706406;4474655,63772956
08/12/2020 18:10:27;4068;600;3;20;0;N;442323,762297879;4474725,42603878
08/12/2020 18:10:27;4069;80;29;23;0;N;442602,516220631;4473825,9949658
08/12/2020 18:10:27;4070;40;93;41;1;N;442791,468552671;4474778,15918949
08/12/2020 18:10:27;4071;240;1;13;0;N;442306,446317765;4474800,3400109
08/12/2020 18:10:27;4073;0;100;48;1;S;442406,49588977;4474807,09758749
08/12/2020 18:10:27;4074;80;3;35;1;N;442402,95821149;4474753,70084498
08/12/2020 18:10:27;4075;1060;7;49;1;N;442993,940192846;4474744,48956729
08/12/2020 18:10:27;4076;420;3;16;0;N;442816,817563825;4474748,87640567
08/12/2020 18:10:27;4077;220;29;42;1;N;442919,200855922;4474717,6211021
08/12/2020 18:10:27;3764;20;0;12;0;N;442620,88765736;4474279,98330462
08/12/2020 18:10:27;10080;460;2;11;0;N;442482,213565715;4474177,5048839
08/12/2020 18:10:27;10081;180;3;28;1;N;442522,430775643;4474255,6854999
08/12/2020 18:10:27;10082;580;2;19;0;N;442423,357424147;4474349,93757257
08/12/2020 18:10:27;10083;0;0;7;0;S;442614,06237551;4474153,54147187
08/12/2020 18:10:27;10085;120;8;19;0;N;442715,851546289;4474256,46853879
08/12/2020 18:10:27;10084;200;3;22;0;N;442572,16851933;4474268,68366352
08/12/2020 18:10:27;4379;400;7;27;1;N;439519,685004772;4476420,98710038
08/12/2020 18:10:27;4380;520;5;33;1;N;439486,419044068;4475913,09141516
08/12/2020 18:10:27;4381;100;1;15;0;N;439431,512942344;4476323,13280308
08/12/2020 18:10:27;4382;420;3;20;0;N;439525,231440916;4475756,05734592
08/12/2020 18:10:27;4383;999;5;32;1;N;440053,218981327;4475698,69520825
08/12/2020 18:10:27;4384;640;12;61;2;N;439572,585465493;4475762,53559157
08/12/2020 18:10:27;4385;380;3;16;0;N;439306,067938503;4475789,21333563
08/12/2020 18:10:27;4386;860;4;28;1;N;439959,976131193;4475696,66516318
08/12/2020 18:10:27;4400;1340;14;51;2;N;440233,983467339;4475651,48455167
08/12/2020 18:10:27;4387;60;1;10;0;N;439828,975988065;4475616,19635832
08/12/2020 18:10:27;4388;760;6;48;1;N;439786,124224017;4475730,9057347
08/12/2020 18:10:27;4389;760;6;28;1;N;439742,988612097;4475726,80594589
08/12/2020 18:10:27;3807;900;7;41;1;N;440353,026022174;4475633,89603384
08/12/2020 18:10:27;7067;860;5;39;1;N;440050,593693519;4475693,49568387
08/12/2020 18:10:27;4390;640;6;30;1;N;440106,805049834;4475589,86248517
08/12/2020 18:10:27;4391;1120;10;37;1;N;439574,928882814;4475680,85419504
08/12/2020 18:10:27;3619;180;8;32;1;N;439512,776068289;4476305,0095187
08/12/2020 18:10:27;4392;220;2;25;0;N;440099,543434986;4475524,67082898
08/12/2020 18:10:27;3620;240;7;42;1;N;440002,118919908;4475236,71945004
08/12/2020 18:10:27;4393;400;10;39;1;N;439988,931020221;4475188,24102331
08/12/2020 18:10:27;4394;40;8;31;1;N;439978,219751664;4475234,66548869
08/12/2020 18:10:27;4395;220;5;45;1;N;439985,411423118;4474978,05794517
08/12/2020 18:10:27;5130;800;3;28;1;N;439391,730442718;4475786,58702352
08/12/2020 18:10:27;4402;100;1;14;0;N;439422,672887856;4475746,52574663
08/12/2020 18:10:27;10217;320;6;37;1;N;439584,018918083;4475757,07620767
08/12/2020 18:10:27;10258;200;4;16;0;N;440056,598730343;4475359,59873519
08/12/2020 18:10:27;10259;460;12;23;0;N;440065,804047692;4475390,13924893
08/12/2020 18:10:27;10498;160;2;10;0;N;439464,585903873;4476205,23259617
08/12/2020 18:10:27;10499;40;0;4;0;N;439403,053595297;4476153,93916449
08/12/2020 18:10:27;4397;860;18;46;1;N;440103,441297457;4475688,776115
08/12/2020 18:10:27;4398;920;15;43;1;N;440155,838698959;4475669,20025088
08/12/2020 18:10:27;4403;240;13;23;0;N;440161,567315184;4476271,96655053
08/12/2020 18:10:27;4404;1200;7;29;1;N;440261,471103453;4476256,11790176
08/12/2020 18:10:27;4405;340;2;30;1;N;440594,328513233;4476226,40519649
08/12/2020 18:10:27;4406;240;6;24;0;N;440300,181096714;4476007,94122458
08/12/2020 18:10:27;4407;120;72;44;1;N;440442,462712169;4475845,43074037
08/12/2020 18:10:27;4408;340;3;19;0;N;440225,125847763;4475993,88000598
08/12/2020 18:10:27;4409;1020;6;26;1;N;440265,583534095;4476374,80938912
08/12/2020 18:10:27;4410;360;8;31;1;N;440394,261981688;4475709,77400355
08/12/2020 18:10:27;4411;100;0;13;0;N;440559,995021155;4475722,3159565
08/12/2020 18:10:27;4412;120;1;34;1;N;440653,377812246;4475631,26280319
08/12/2020 18:10:27;4413;560;3;24;0;N;440608,229467166;4475567,86124492
08/12/2020 18:10:27;4414;60;50;32;1;S;440383,537472075;4476160,87266858
08/12/2020 18:10:27;4434;520;3;20;0;N;440620,690083734;4476228,93902045
08/12/2020 18:10:27;4416;20;0;4;0;N;440367,092607547;4475972,20382693
08/12/2020 18:10:27;4417;860;6;31;1;N;440485,543492045;4475593,66760853
08/12/2020 18:10:27;4418;720;5;39;1;N;440176,266724619;4475845,6386429
08/12/2020 18:10:27;4419;2440;7;35;1;N;439825,80656605;4476709,07322455
08/12/2020 18:10:27;4420;360;3;21;0;N;439933,988488644;4476727,31544164
08/12/2020 18:10:27;4421;2260;9;48;1;N;440083,461084657;4476694,76709073
08/12/2020 18:10:27;3693;640;2;23;0;N;440279,086645607;4476800,10694063
08/12/2020 18:10:27;3694;180;3;33;1;N;439635,896962587;4476188,69949605
08/12/2020 18:10:27;4422;140;3;21;0;N;439873,024215199;4475922,30800946
08/12/2020 18:10:27;10023;100;48;59;2;N;439860,964734074;4476044,41185933
08/12/2020 18:10:27;4424;400;3;34;1;N;439920,844362744;4476565,27586708
08/12/2020 18:10:27;4425;180;3;15;0;N;439991,632611694;4476155,63363488
08/12/2020 18:10:27;9977;2180;14;23;0;N;439720,813488337;4476716,97354584
08/12/2020 18:10:27;4423;80;2;18;0;N;439795,375261549;4476048,78306676
08/12/2020 18:10:27;10022;220;5;28;1;N;439886,342177758;4476089,76580142
08/12/2020 18:10:27;10057;280;5;17;0;N;439643,486116549;4476080,44859551
08/12/2020 18:10:27;10066;120;3;17;0;N;439730,945030766;4476180,34433698
08/12/2020 18:10:27;10603;160;1;14;0;N;439829,289637009;4476298,85500009
08/12/2020 18:10:27;10602;420;8;38;1;N;439891,932459427;4476193,74504047
08/12/2020 18:10:27;10604;140;2;27;1;N;439628,169878092;4475869,75936177
08/12/2020 18:10:27;10605;200;7;29;1;N;439709,084742312;4475916,44913576
08/12/2020 18:10:27;4426;300;1;19;0;N;441370,495255445;4476422,95505488
08/12/2020 18:10:27;4427;380;3;22;0;N;441051,98357776;4476280,27456468
08/12/2020 18:10:27;4428;480;2;23;0;N;441082,204888388;4476276,41110148
08/12/2020 18:10:27;4429;340;1;30;1;N;441513,292304455;4476050,89077227
08/12/2020 18:10:27;4430;600;3;21;0;N;440972,517252131;4476022,90970082
08/12/2020 18:10:27;4431;400;2;15;0;N;441221,239279765;4476034,54591088
08/12/2020 18:10:27;4432;160;3;21;0;N;441330,286507867;4475958,07060694
08/12/2020 18:10:27;3748;440;3;23;0;N;440739,824462595;4475908,56307089
08/12/2020 18:10:27;3407;480;3;30;1;N;440872,450281188;4475848,87283018
08/12/2020 18:10:27;4433;1820;7;46;1;N;440459,787856847;4476672,16198752
08/12/2020 18:10:27;4415;360;3;13;0;N;440508,690981854;4476193,76910664
08/12/2020 18:10:27;3622;1920;14;48;1;N;441129,126279569;4476622,4044385
08/12/2020 18:10:27;4436;860;3;30;1;N;441445,163212398;4476537,01134536
08/12/2020 18:10:27;4437;2320;9;40;1;N;441396,542634039;4476720,01571499
08/12/2020 18:10:27;4438;560;5;26;1;N;441387,941599514;4476284,66342335
08/12/2020 18:10:27;4439;580;2;20;0;N;440658,064816449;4476513,57809959
08/12/2020 18:10:27;4440;760;3;30;1;N;440781,512771458;4476123,38153331
08/12/2020 18:10:27;4441;1420;5;42;1;N;440857,774750722;4476643,72082913
08/12/2020 18:10:27;4442;1340;22;38;1;N;441243,582809555;4476615,92582371
08/12/2020 18:10:27;4443;840;4;22;0;N;441583,935370117;4476598,8598369
08/12/2020 18:10:27;4444;1680;8;26;1;N;441520,470566682;4476420,32099881
08/12/2020 18:10:27;4445;240;66;58;2;N;440926,891688535;4476307,24969242
08/12/2020 18:10:27;4446;400;3;25;0;N;440909,208787277;4476276,35052544
08/12/2020 18:10:27;4447;560;4;23;0;N;441220,492518693;4476279,88437656
08/12/2020 18:10:27;4448;220;2;18;0;N;441370,69820313;4476177,28357406
08/12/2020 18:10:27;4449;440;4;21;0;N;441364,82874529;4476155,11272829
08/12/2020 18:10:27;4450;360;2;16;0;N;441073,891628649;4476028,25022346
08/12/2020 18:10:27;3674;520;4;23;0;N;441297,355067014;4476042,05549865
08/12/2020 18:10:27;4451;0;99;48;1;S;441397,229175574;4476437,37093127
08/12/2020 18:10:27;4452;420;3;26;1;N;441491,634022616;4476292,4671378
08/12/2020 18:10:27;4453;440;3;20;0;N;440798,157219262;4476267,92442464
08/12/2020 18:10:27;7071;1540;9;43;1;N;441387,572936007;4476734,87231426
08/12/2020 18:10:27;4464;1020;6;33;1;N;440530,34459149;4476907,27599183
08/12/2020 18:10:27;4454;620;2;27;1;N;440290,754229722;4477181,60596605
08/12/2020 18:10:27;4455;360;2;27;1;N;440685,155257766;4477041,39018044
08/12/2020 18:10:27;4456;620;4;27;1;N;440449,532020633;4477059,59503747
08/12/2020 18:10:27;4457;120;2;30;1;N;440981,437911412;4477121,65329758
08/12/2020 18:10:27;4458;1220;5;36;1;N;441043,830524744;4477014,14444099
08/12/2020 18:10:27;4459;0;99;48;1;S;441073,775123628;4477108,11248115
08/12/2020 18:10:27;4460;1180;3;29;1;N;441220,190277383;4476976,96785003
08/12/2020 18:10:27;4461;1999;9;46;1;N;441361,015054086;4476812,03530497
08/12/2020 18:10:27;4462;2380;6;42;1;N;441335,202815948;4477103,63212028
08/12/2020 18:10:27;4465;1220;35;61;2;N;441307,548533055;4476954,37052335
08/12/2020 18:10:27;4466;0;0;0;0;S;441320,40983788;4476978,30221816
08/12/2020 18:10:27;4467;600;14;37;1;N;441319,547946093;4476931,17414287
08/12/2020 18:10:27;4468;160;37;27;1;N;441278,544015827;4476967,01538852
08/12/2020 18:10:27;4469;2060;10;46;1;N;441343,581738206;4476872,97171916
08/12/2020 18:10:27;3849;321;7;26;1;S;440913,426927696;4475371,54847328
08/12/2020 18:10:27;3855;240;5;34;1;N;440810,764131103;4475177,51572547
08/12/2020 18:10:27;3856;780;3;19;0;N;443227,954898745;4474528,03075028
08/12/2020 18:10:27;3857;180;3;22;0;N;443220,030300213;4474291,80477664
08/12/2020 18:10:27;3858;780;2;19;0;N;443211,558503098;4474314,90242606
08/12/2020 18:10:27;3859;180;5;22;0;N;443113,641797385;4474359,0740713
08/12/2020 18:10:27;3860;1800;6;36;1;N;443221,926540147;4474262,73279496
08/12/2020 18:10:27;3861;180;4;10;0;N;443142,869866856;4474200,99785756
08/12/2020 18:10:27;3862;960;4;20;0;N;443196,073507304;4473891,86636958
08/12/2020 18:10:27;3863;180;12;28;1;N;443217,544446989;4473800,43443044
08/12/2020 18:10:27;3864;180;3;15;0;N;443168,696491636;4473770,8980408
08/12/2020 18:10:27;3865;300;1;13;0;N;443173,21102953;4473762,83535376
08/12/2020 18:10:27;3866;180;2;11;0;N;443091,814232517;4473633,38903287
08/12/2020 18:10:27;3867;360;2;12;0;N;443144,354885635;4473371,89326568
08/12/2020 18:10:27;4191;420;1;12;0;N;443156,226426346;4473372,3945463
08/12/2020 18:10:27;3868;300;18;38;1;N;443176,395520359;4473307,82362581
08/12/2020 18:10:27;3869;660;3;20;0;N;443149,26449713;4473249,50397957
08/12/2020 18:10:27;4192;300;2;10;0;N;443138,191427464;4473287,12775724
08/12/2020 18:10:27;4193;360;4;18;0;N;443322,111518761;4473108,95777
08/12/2020 18:10:27;3870;1140;7;45;1;N;443321,955413141;4473099,50063339
08/12/2020 18:10:27;3871;300;1;11;0;N;443224,742406629;4472982,18425757
08/12/2020 18:10:27;3873;720;7;52;2;N;442960,28032495;4473128,40965568
08/12/2020 18:10:27;3874;1740;10;62;2;N;442958,767049331;4473136,85266477
08/12/2020 18:10:27;3875;360;3;15;0;N;443399,480676006;4474313,97215862
08/12/2020 18:10:27;3876;0;0;0;0;N;443403,869172179;4474306,86980563
08/12/2020 18:10:27;3877;86;5;12;0;S;443338,395311419;4474242,69827557
08/12/2020 18:10:27;3563;120;5;19;0;N;443513,861447484;4474419,96169488
08/12/2020 18:10:27;3724;60;5;12;0;N;443538,435724094;4474393,84560994
08/12/2020 18:10:27;3725;60;0;8;0;N;443475,853984039;4474357,72576456
08/12/2020 18:10:27;3564;60;65;67;2;N;443814,144311777;4474739,85275575
08/12/2020 18:10:27;3878;0;0;0;0;N;443796,98323259;4474705,19960928
08/12/2020 18:10:27;3726;120;18;22;0;N;443250,299468136;4473638,73178852
08/12/2020 18:10:27;3601;300;3;20;0;N;443249,503549007;4473631,74422862
08/12/2020 18:10:27;3880;720;3;20;0;N;443779,629373407;4473583,7577585
08/12/2020 18:10:27;3881;240;2;11;0;N;443653,597777112;4473513,21739407
08/12/2020 18:10:27;3602;540;4;28;1;N;443595,341051254;4473592,350104
08/12/2020 18:10:27;3603;1080;5;30;1;N;443199,156493517;4474159,35894156
08/12/2020 18:10:27;3882;1560;6;32;1;N;443203,297317932;4473998,81714852
08/12/2020 18:10:27;3883;1380;5;36;1;N;443183,470213282;4473938,40835689
08/12/2020 18:10:27;3884;720;3;20;0;N;443180,588751538;4473669,7681346
08/12/2020 18:10:27;3885;600;2;19;0;N;443159,250012184;4473598,15167834
08/12/2020 18:10:27;3886;480;2;14;0;N;443165,854873855;4473478,54802926
08/12/2020 18:10:27;3887;480;68;75;2;N;443906,036661032;4474750,23901608
08/12/2020 18:10:27;9981;180;1;8;0;N;443708,32859008;4474702,74656837
08/12/2020 18:10:27;9980;60;0;2;0;N;444003,62350735;4474753,88580638
08/12/2020 18:10:27;9979;240;3;18;0;N;444002,939468839;4474748,41362101
08/12/2020 18:10:27;3888;540;10;51;2;N;443101,915662666;4473122,0615621
08/12/2020 18:10:27;3889;360;7;35;1;N;443170,57015358;4473100,91516214
08/12/2020 18:10:27;7035;540;7;31;1;N;443215,154367974;4474357,42160286
08/12/2020 18:10:27;3890;480;8;33;1;N;443214,867991132;4474374,8938909
08/12/2020 18:10:27;7034;180;2;14;0;N;443137,580381043;4474373,92736899
08/12/2020 18:10:27;10024;240;5;28;1;N;443166,796879702;4473085,1921172
08/12/2020 18:10:27;7054;300;2;11;0;N;442954,178075451;4474387,1518755
08/12/2020 18:10:27;7055;180;8;22;0;N;442831,691356342;4474377,81408441
08/12/2020 18:10:27;7053;0;0;0;0;N;442888,848618431;4474309,41075144
08/12/2020 18:10:27;4078;300;7;24;0;N;441146,356161144;4471461,321695
08/12/2020 18:10:27;4079;240;2;9;0;N;441149,191523835;4471305,94886464
08/12/2020 18:10:27;4080;420;4;18;0;N;440998,437133329;4471234,549026
08/12/2020 18:10:27;4081;600;4;21;0;N;440884,570136001;4471293,89800507
08/12/2020 18:10:27;4082;660;6;28;1;N;440905,864025467;4471498,58685286
08/12/2020 18:10:27;3727;60;1;4;0;N;440731,537666622;4471873,5042469
08/12/2020 18:10:27;4083;360;5;17;0;N;440739,747644348;4471859,95640564
08/12/2020 18:10:27;3728;120;2;6;0;N;440875,263589301;4471715,71121412
08/12/2020 18:10:27;3614;180;1;7;0;N;440635,046729441;4471766,11130681
08/12/2020 18:10:27;3615;240;6;14;0;N;440760,633969913;4472143,41920046
08/12/2020 18:10:27;4084;240;3;15;0;N;440768,422007806;4472135,95278025
08/12/2020 18:10:27;4085;120;3;13;0;N;440682,934203545;4472002,24975992
08/12/2020 18:10:27;5095;60;0;6;0;N;440799,916064021;4472249,25100698
08/12/2020 18:10:27;5096;120;2;14;0;N;440827,774085139;4472142,92516032
08/12/2020 18:10:27;4086;120;2;6;0;N;440760,672904728;4472294,50029157
08/12/2020 18:10:27;4087;180;2;12;0;N;440857,486403805;4472103,51012676
08/12/2020 18:10:27;4088;360;8;41;1;N;440947,779743996;4471978,79281989
08/12/2020 18:10:27;4089;60;2;8;0;N;440836,174416334;4471988,38369014
08/12/2020 18:10:27;4090;720;8;44;1;N;440878,528965526;4472045,23974525
08/12/2020 18:10:27;4091;120;1;7;0;N;440906,682727809;4472009,70592224
08/12/2020 18:10:27;4092;120;2;14;0;N;440898,272413889;4472202,91966843
08/12/2020 18:10:27;4093;120;2;8;0;N;441224,390878973;4471494,14312053
08/12/2020 18:10:27;4094;120;1;6;0;N;441213,184302927;4471376,41319633
08/12/2020 18:10:27;4095;60;2;8;0;N;441210,3704812;4471367,20842938
08/12/2020 18:10:27;4096;60;0;6;0;N;441249,641827239;4471277,97530976
08/12/2020 18:10:27;4097;600;4;42;1;N;441302,207372533;4471167,99855674
08/12/2020 18:10:27;4121;120;2;10;0;N;441109,237632113;4471609,95478487
08/12/2020 18:10:27;4099;0;0;0;0;N;441353,685703835;4471041,00035025
08/12/2020 18:10:27;4100;180;1;8;0;N;441156,567989007;4471289,80863949
08/12/2020 18:10:27;4101;360;2;21;0;N;441202,119807185;4471372,29726237
08/12/2020 18:10:27;4102;420;5;25;0;N;441417,981078402;4471034,36579986
08/12/2020 18:10:27;4103;300;5;34;1;N;441377,268319318;4470976,97733661
08/12/2020 18:10:27;4104;600;2;16;0;N;441341,0611961;4471049,83096887
08/12/2020 18:10:27;5097;120;1;8;0;N;441481,848626444;4470976,36243964
08/12/2020 18:10:27;4105;120;2;8;0;N;441469,857863934;4470860,50201357
08/12/2020 18:10:27;3582;0;0;0;0;N;441598,799176788;4470786,6175977
08/12/2020 18:10:27;4106;240;2;15;0;N;441604,970433647;4470678,98746729
08/12/2020 18:10:27;4107;48;5;6;0;S;441488,140984324;4470701,41634757
08/12/2020 18:10:27;4108;240;1;17;0;N;441494,127741301;4470798,61119982
08/12/2020 18:10:27;4109;120;3;20;0;N;441282,234195583;4471581,08704095
08/12/2020 18:10:27;4232;240;2;18;0;N;441432,148480765;4471235,42510217
08/12/2020 18:10:27;10409;180;2;8;0;N;440909,665903576;4471505,49185619
08/12/2020 18:10:27;4098;240;2;15;0;N;441295,143717712;4471168,47406283
08/12/2020 18:10:27;4110;1980;10;58;2;N;441160,098665764;4472980,25130081
08/12/2020 18:10:27;4111;60;2;6;0;N;441039,551002067;4472853,09673261
08/12/2020 18:10:27;4112;2640;10;58;2;N;441138,308145357;4472752,75062329
08/12/2020 18:10:27;3729;120;1;5;0;N;441105,970411249;4472724,24557759
08/12/2020 18:10:27;4113;1440;10;30;1;N;441112,056392031;4472503,83966116
08/12/2020 18:10:27;4114;1260;4;33;1;N;440965,284857551;4472485,2170315
08/12/2020 18:10:27;4115;360;2;13;0;N;441088,37922777;4472233,00860996
08/12/2020 18:10:27;4116;240;1;9;0;N;441077,669596711;4472117,05565354
08/12/2020 18:10:27;4117;0;0;0;0;N;440985,13312126;4472227,65994926
08/12/2020 18:10:27;4118;0;0;0;0;N;441150,221775948;4471960,01357283
08/12/2020 18:10:27;4119;360;2;13;0;N;441049,383612482;4471853,83997792
08/12/2020 18:10:27;4120;60;3;9;0;N;441173,992506529;4471739,43971683
08/12/2020 18:10:27;4122;780;4;33;1;N;441021,682267301;4471548,15663425
08/12/2020 18:10:27;4123;0;0;0;0;N;440939,679146183;4471721,84350131
08/12/2020 18:10:27;4124;840;6;54;2;N;440964,16982147;4471881,68564996
08/12/2020 18:10:27;4125;60;1;5;0;N;440990,530087207;4471850,0247791
08/12/2020 18:10:27;4142;0;0;0;0;N;442039,881267837;4471702,14830881
08/12/2020 18:10:27;4143;0;0;0;0;N;442081,549740891;4471656,88509357
08/12/2020 18:10:27;4144;60;2;8;0;N;441388,526636943;4472797,32454829
08/12/2020 18:10:27;4145;120;2;8;0;N;441499,932919255;4472691,34165719
08/12/2020 18:10:27;4146;300;3;32;1;N;441374,868218514;4472588,40657005
08/12/2020 18:10:27;4147;360;5;26;1;N;441362,024599902;4472703,25765
08/12/2020 18:10:27;4148;180;7;24;0;N;441265,743224552;4472801,64577101
08/12/2020 18:10:27;4149;720;4;26;1;N;441247,468174099;4472712,54256994
08/12/2020 18:10:27;4150;0;0;0;0;N;441359,417776753;4472438,98904085
08/12/2020 18:10:27;4151;60;0;3;0;N;441278,988775358;4472405,88564454
08/12/2020 18:10:27;4155;1020;7;35;1;N;441542,312946734;4474210,73434596
08/12/2020 18:10:27;3758;420;53;73;2;N;441477,569651073;4474309,23403824
08/12/2020 18:10:27;3759;120;2;13;0;N;441552,511141871;4474146,10672894
08/12/2020 18:10:27;3523;960;8;30;1;N;441556,295911638;4474128,61717104
08/12/2020 18:10:27;4156;180;1;8;0;N;441462,033428913;4474058,23489401
08/12/2020 18:10:27;4157;480;4;23;0;N;441445,752009636;4474089,2456765
08/12/2020 18:10:27;4158;60;2;8;0;N;441554,047565831;4473972,59422835
08/12/2020 18:10:27;4159;900;7;30;1;N;441559,324358886;4473958,35110917
08/12/2020 18:10:27;3653;300;3;12;0;N;441549,90265891;4473865,52783102
08/12/2020 18:10:27;3683;360;33;57;2;N;441448,764566889;4473932,03704569
08/12/2020 18:10:27;3654;960;4;26;1;N;441565,353461113;4473698,15655352
08/12/2020 18:10:27;4160;300;7;35;1;N;441447,765359852;4473795,93649345
08/12/2020 18:10:27;4161;420;4;24;0;N;441553,775338255;4473594,72152563
08/12/2020 18:10:27;4162;480;10;46;1;N;441574,686347853;4473355,34469282
08/12/2020 18:10:27;4163;780;8;37;1;N;441564,326591939;4473294,99042807
08/12/2020 18:10:27;4164;1221;3;24;0;N;441682,155207023;4473115,01119992
08/12/2020 18:10:27;4165;240;2;13;0;N;441773,664830989;4473039,50857502
08/12/2020 18:10:27;4166;420;6;21;0;N;441593,867280581;4473105,33597693
08/12/2020 18:10:27;3463;660;3;28;1;N;441455,426364609;4473262,30819293
08/12/2020 18:10:27;3464;120;2;8;0;N;441446,07557618;4473253,13923974
08/12/2020 18:10:27;4167;600;10;41;1;N;440279,828939637;4472025,75695876
08/12/2020 18:10:27;4168;360;5;44;1;N;440277,726757095;4472018,82696138
08/12/2020 18:10:27;4169;720;10;56;2;N;440184,060004041;4472020,52588473
08/12/2020 18:10:27;4170;0;0;0;0;N;440982,758046375;4474122,03163874
08/12/2020 18:10:27;7041;1740;7;51;2;N;441101,910103324;4474302,74669986
08/12/2020 18:10:27;4172;120;7;16;0;N;441265,181550082;4474172,09182012
08/12/2020 18:10:27;4173;1500;5;34;1;N;441208,228509093;4473809,43632766
08/12/2020 18:10:27;3691;1440;6;33;1;N;441185,069309973;4473724,33905715
08/12/2020 18:10:27;3718;1320;3;23;0;N;441401,518240156;4473259,6058192
08/12/2020 18:10:27;3719;240;5;28;1;N;441074,909566451;4473097,31951383
08/12/2020 18:10:27;4174;960;8;36;1;N;441080,470241217;4473093,82211949
08/12/2020 18:10:27;4175;600;4;38;1;N;441084,221113287;4473091,69138872
08/12/2020 18:10:27;4176;0;0;0;0;N;441035,914029582;4472981,74632615
08/12/2020 18:10:27;4177;0;0;0;0;N;440982,318860494;4472994,46342326
08/12/2020 18:10:27;4178;360;5;39;1;N;440960,227393004;4472851,8342883
08/12/2020 18:10:27;4179;720;6;47;1;N;440899,733562931;4472835,72805556
08/12/2020 18:10:27;3692;540;7;57;2;N;440852,064517499;4472944,86409814
08/12/2020 18:10:27;4180;2280;9;56;2;N;440735,386914035;4472502,40957535
08/12/2020 18:10:27;4181;180;0;5;0;N;440698,963386069;4472392,24442625
08/12/2020 18:10:27;4182;2040;14;72;2;N;440618,849583999;4472452,13823783
08/12/2020 18:10:27;4183;480;10;34;1;N;440121,388514535;4471703,36841451
08/12/2020 18:10:27;4184;2520;9;51;2;N;440344,584002759;4472038,77218109
08/12/2020 18:10:27;4185;420;13;25;0;N;440367,07600053;4472214,69871516
08/12/2020 18:10:27;4186;360;3;54;2;N;440944,739698031;4472690,89840057
08/12/2020 18:10:27;4187;60;1;5;0;N;440926,734987712;4472739,47009374
08/12/2020 18:10:27;3585;120;2;14;0;N;440989,514097722;4472607,27580914
08/12/2020 18:10:27;3586;300;5;62;2;N;440936,631932532;4472605,89593087
08/12/2020 18:10:27;4188;120;2;14;0;N;440842,251483047;4472619,12681665
08/12/2020 18:10:27;4189;540;13;89;3;N;440914,717813291;4472382,6484764
08/12/2020 18:10:27;4190;360;10;34;1;N;441277,090054202;4473093,20179854
08/12/2020 18:10:27;3465;1380;10;50;1;N;441561,116866279;4474498,55611833
08/12/2020 18:10:27;3466;900;7;45;1;N;440779,398044502;4472666,8755168
08/12/2020 18:10:27;3467;60;70;72;2;N;440721,310816645;4472619,00665167
08/12/2020 18:10:27;4194;2580;11;62;2;N;440579,578151878;4472382,06686282
08/12/2020 18:10:27;4195;240;40;51;2;N;440529,362207838;4472282,03708329
08/12/2020 18:10:27;4196;60;55;58;2;N;440493,344779386;4472309,80387125
08/12/2020 18:10:27;4197;2008;17;60;2;N;441170,368489405;4473085,11957718
08/12/2020 18:10:27;4198;720;12;65;2;N;440325,374522864;4471995,52412398
08/12/2020 18:10:27;5103;540;20;44;1;N;440268,025376464;4471920,0064183
08/12/2020 18:10:27;4171;720;7;22;0;N;441153,96025796;4474199,31038467
08/12/2020 18:10:27;7136;1800;6;35;1;N;441091,058227319;4473109,10699785
08/12/2020 18:10:27;7137;960;3;20;0;N;441464,422105161;4473248,53573263
08/12/2020 18:10:27;7138;1740;6;34;1;N;441211,412805312;4473790,40970582
08/12/2020 18:10:27;7139;1620;5;31;1;N;441187,457512424;4473702,28729297
08/12/2020 18:10:27;4199;180;15;34;1;N;440299,959157348;4473924,1193789
08/12/2020 18:10:27;4200;60;0;5;0;N;440487,229788781;4473950,36785884
08/12/2020 18:10:27;4201;600;8;23;0;N;440449,206839324;4473899,418452
08/12/2020 18:10:27;4202;360;7;29;1;N;440523,152688959;4473762,44312999
08/12/2020 18:10:27;4203;420;8;20;0;N;440563,901103258;4473839,22943248
08/12/2020 18:10:27;4204;120;5;18;0;N;440793,325594531;4473588,67264795
08/12/2020 18:10:27;4205;450;6;19;0;N;440825,65539122;4473666,91859077
08/12/2020 18:10:27;4206;300;4;12;0;N;441178,066071204;4473459,48206122
08/12/2020 18:10:27;4207;60;78;79;3;N;440939,61158974;4473111,9194748
08/12/2020 18:10:27;4208;60;2;7;0;N;440783,398451021;4473184,16943357
08/12/2020 18:10:27;4209;960;8;29;1;N;440854,885542975;4473118,06338972
08/12/2020 18:10:27;3722;60;2;6;0;N;440682,070758682;4472987,32808852
08/12/2020 18:10:27;5104;1320;6;34;1;N;440626,948866459;4473041,29553927
08/12/2020 18:10:27;4211;840;6;23;0;N;440551,905251263;4473004,58332388
08/12/2020 18:10:27;4212;1200;8;31;1;N;440509,633206474;4472998,85020988
08/12/2020 18:10:27;4213;360;2;12;0;N;440456,361543338;4472843,12637757
08/12/2020 18:10:27;4214;480;4;17;0;N;440409,940131697;4472896,10024197
08/12/2020 18:10:27;4215;540;4;18;0;N;440203,797863897;4472882,24874791
08/12/2020 18:10:27;4216;480;3;15;0;N;440175,882187987;4472993,0407725
08/12/2020 18:10:27;4217;0;0;0;0;N;440446,937124544;4473057,63239391
08/12/2020 18:10:27;4218;480;5;19;0;N;440149,251864141;4472868,38852696
08/12/2020 18:10:27;4219;60;0;5;0;N;440099,096420673;4472735,95065869
08/12/2020 18:10:27;4220;660;5;26;1;N;440017,236326126;4472821,70061489
08/12/2020 18:10:27;4221;60;2;6;0;N;439918,00610591;4472859,01259777
08/12/2020 18:10:27;4222;840;6;32;1;N;439951,140781841;4472793,74311714
08/12/2020 18:10:27;4226;660;5;24;0;N;439830,503676113;4472750,19778225
08/12/2020 18:10:27;4227;540;3;19;0;N;439832,821502504;4472758,39073309
08/12/2020 18:10:27;4228;240;5;20;0;N;439689,351454626;4472815,37963502
08/12/2020 18:10:27;4229;420;5;16;0;N;439596,064414645;4472621,7535596
08/12/2020 18:10:27;4230;120;1;4;0;N;440605,110251504;4472585,82332598
08/12/2020 18:10:27;4231;360;2;15;0;N;440575,454900951;4472619,50124707
08/12/2020 18:10:27;4233;180;8;25;0;N;440489,653964513;4472629,13344498
08/12/2020 18:10:27;4234;240;2;8;0;N;440517,727720258;4472734,64054001
08/12/2020 18:10:27;4235;120;3;11;0;N;440646,215146692;4472709,89609983
08/12/2020 18:10:27;4236;300;3;14;0;N;440492,497715996;4472759,61386573
08/12/2020 18:10:27;4237;60;2;7;0;N;440406,540902084;4472787,47490902
08/12/2020 18:10:27;4238;900;49;61;2;N;440103,472518869;4473015,73326555
08/12/2020 18:10:27;3669;180;1;8;0;N;439987,763655459;4473160,99821077
08/12/2020 18:10:27;3670;60;17;21;0;N;439894,501138273;4473015,60242609
08/12/2020 18:10:27;4239;426;6;16;0;S;439795,857591104;4473084,76744464
08/12/2020 18:10:27;4240;35;19;7;0;S;439859,516903486;4472259,15734365
08/12/2020 18:10:27;10037;60;2;6;0;N;439932,843070172;4472170,09309726
08/12/2020 18:10:27;10427;180;3;19;0;N;440786,737598259;4473687,59233632
08/12/2020 18:10:27;10491;420;28;58;2;N;441149,70396549;4473464,18133457
08/12/2020 18:10:27;7133;300;5;24;0;N;440803,733657793;4473680,91149984
08/12/2020 18:10:27;7134;480;3;12;0;N;440522,800032225;4472729,45153076
08/12/2020 18:10:27;7135;360;2;12;0;N;440488,183343228;4472766,72686908
08/12/2020 18:10:27;7113;420;3;26;1;N;440983,373483919;4474495,31178163
08/12/2020 18:10:27;4243;1020;5;26;1;N;441173,389681221;4474307,68285623
08/12/2020 18:10:27;3671;1440;4;31;1;N;441426,83144164;4474583,6940147
08/12/2020 18:10:27;4244;720;5;21;0;N;441290,366609475;4474762,00381299
08/12/2020 18:10:27;4245;60;3;15;0;N;440986,399225397;4474586,14587872
08/12/2020 18:10:27;4246;300;3;11;0;N;441111,516886231;4474525,01825645
08/12/2020 18:10:27;4247;720;7;39;1;N;440981,466807824;4474502,72678194
08/12/2020 18:10:27;4248;780;4;35;1;N;440824,05629926;4474441,31667505
08/12/2020 18:10:27;4249;1080;5;31;1;N;440951,057147332;4474472,78929703
08/12/2020 18:10:27;4250;420;4;40;1;N;440759,690090465;4474406,85995827
08/12/2020 18:10:27;4251;771;13;0;0;S;440741,670570613;4474325,12160318
08/12/2020 18:10:27;4252;240;3;24;0;N;440707,510660138;4474392,5359092
08/12/2020 18:10:27;10528;300;7;30;1;N;440706,580871097;4474398,30060125
08/12/2020 18:10:27;4254;300;7;30;1;N;440555,93974442;4474206,24441612
08/12/2020 18:10:27;10608;115;9;13;0;S;440548,149378812;4474238,85154428
08/12/2020 18:10:27;4256;240;10;41;1;N;440603,933221024;4474287,172456
08/12/2020 18:10:27;10530;0;0;0;0;S;440585,450114255;4474263,88135831
08/12/2020 18:10:27;10527;0;0;0;0;S;440593,539278907;4474280,71053994
08/12/2020 18:10:27;4257;60;2;10;0;N;440989,211818579;4474885,74018012
08/12/2020 18:10:27;10639;29;0;6;0;S;440699,128705711;4474379,28123536
08/12/2020 18:10:27;4258;0;0;0;0;N;441061,854185661;4474818,52250596
08/12/2020 18:10:27;4259;0;0;0;0;N;439455,361749324;4474013,33817781
08/12/2020 18:10:27;4260;120;3;11;0;N;439361,698282389;4474076,16766077
08/12/2020 18:10:27;4261;120;6;10;0;N;439465,420537052;4474128,91669738
08/12/2020 18:10:27;3707;115;2;7;0;S;439523,410760516;4474081,56507094
08/12/2020 18:10:27;4262;120;1;5;0;N;439461,778971582;4474009,6526376
08/12/2020 18:10:27;3618;41;3;11;0;S;439381,131045423;4473719,43370645
08/12/2020 18:10:27;4263;480;12;65;2;N;439537,593794104;4473621,13231759
08/12/2020 18:10:27;4264;360;2;10;0;N;439429,401120234;4473513,39554991
08/12/2020 18:10:27;4265;600;3;20;0;N;439468,931760343;4473431,21629728
08/12/2020 18:10:27;4266;60;5;19;0;N;439444,274066802;4473423,16183086
08/12/2020 18:10:27;3475;540;2;21;0;N;439509,778074256;4473339,2186804
08/12/2020 18:10:27;4268;155;3;7;0;S;439738,180997529;4474122,89122325
08/12/2020 18:10:27;4269;120;3;7;0;N;439923,932354745;4474181,32037849
08/12/2020 18:10:27;4270;60;3;7;0;N;439880,636198158;4474213,35787668
08/12/2020 18:10:27;7087;22;1;3;0;S;439470,093846582;4474122,727183
08/12/2020 18:10:27;3765;222;6;18;0;S;440895,910504402;4474463,81028794
08/12/2020 18:10:27;4272;1260;22;71;2;N;441164,076318829;4474519,01197089
08/12/2020 18:10:27;4273;1080;15;66;2;N;441237,02135794;4474550,77849896
08/12/2020 18:10:27;4271;218;7;18;0;S;441208,906441974;4474558,71569584
08/12/2020 18:10:27;10464;420;10;73;2;N;441184,632060301;4474542,18988994
08/12/2020 18:10:27;10465;420;13;33;1;N;441158,605628262;4474540,07121497
08/12/2020 18:10:27;10466;720;38;63;2;N;441180,801319313;4474508,68530451
08/12/2020 18:10:27;7090;1920;9;45;1;N;441257,592783892;4474642,51857475
08/12/2020 18:10:27;7091;360;17;34;1;N;441221,564775162;4474529,94073169
08/12/2020 18:10:27;9938;240;3;16;0;N;441190,743972649;4474618,43583407
08/12/2020 18:10:27;4275;420;10;73;2;N;440883,975756872;4474451,80262542
08/12/2020 18:10:27;4279;2;0;1;0;S;439466,665796499;4474093,8346446
08/12/2020 18:10:27;4281;217;1;25;0;S;439941,614236749;4475096,60630141
08/12/2020 18:10:27;4282;60;2;7;0;N;439853,354329416;4475021,38568886
08/12/2020 18:10:27;7101;1200;9;60;2;N;439102,63644322;4474644,14014092
08/12/2020 18:10:27;4283;60;2;7;0;N;439678,625864924;4475137,32586691
08/12/2020 18:10:27;4284;540;4;30;1;N;439624,818512767;4475082,29013604
08/12/2020 18:10:27;4285;806;15;51;2;S;439645,763854133;4474968,07562383
08/12/2020 18:10:27;4286;812;14;32;1;S;439650,53189708;4475066,64109958
08/12/2020 18:10:27;4287;180;8;26;1;N;439785,874688152;4474979,48911781
08/12/2020 18:10:27;4289;240;3;15;0;N;439853,487316086;4474857,66699461
08/12/2020 18:10:27;4290;60;2;9;0;N;439832,820810998;4474799,72079201
08/12/2020 18:10:27;4291;84;30;42;1;S;439743,073610171;4474885,10111948
08/12/2020 18:10:27;4292;720;32;58;2;N;439748,388986961;4474955,91141647
08/12/2020 18:10:27;4293;0;0;0;0;N;439970,234266007;4474913,91549848
08/12/2020 18:10:27;4294;180;2;11;0;N;439976,748373385;4474753,2338477
08/12/2020 18:10:27;4295;300;5;29;1;N;439913,260234596;4474693,43078076
08/12/2020 18:10:27;4296;420;17;67;2;N;439910,060125216;4474700,68504149
08/12/2020 18:10:27;4297;540;5;31;1;N;439912,851130981;4474816,40970046
08/12/2020 18:10:27;10386;300;5;21;0;N;440038,805203159;4474699,24531661
08/12/2020 18:10:27;4298;180;5;19;0;N;439937,340913179;4474683,18348462
08/12/2020 18:10:27;3672;120;1;8;0;N;440011,261477149;4474733,5918958
08/12/2020 18:10:27;10387;540;66;76;3;N;440190,439501241;4474644,75451694
08/12/2020 18:10:27;4353;856;26;46;1;S;439572,519550078;4475204,27751112
08/12/2020 18:10:27;4301;720;20;51;2;N;440268,69111932;4474636,81778035
08/12/2020 18:10:27;10388;0;0;0;0;N;440134,953186253;4474645,70834215
08/12/2020 18:10:27;3730;360;52;60;2;N;440444,390399051;4474613,62134058
08/12/2020 18:10:27;4303;60;2;17;0;N;440375,113771791;4474549,29228995
08/12/2020 18:10:27;3731;56;4;16;0;S;440345,435437899;4474551,10032529
08/12/2020 18:10:27;4305;0;0;0;0;N;440523,170963085;4474633,75914343
08/12/2020 18:10:27;4306;180;4;14;0;N;440565,372284159;4474601,06214192
08/12/2020 18:10:27;4307;240;9;17;0;N;440741,893748195;4474547,18925217
08/12/2020 18:10:27;4308;660;9;37;1;N;440787,277437113;4474523,79218721
08/12/2020 18:10:27;4309;720;12;46;1;N;440609,727532697;4474596,71794138
08/12/2020 18:10:27;4310;300;8;26;1;N;440573,904860473;4474733,94606742
08/12/2020 18:10:27;4311;120;3;15;0;N;440620,808541773;4474698,21255764
08/12/2020 18:10:27;4312;0;0;0;0;N;440738,466726977;4474879,54985688
08/12/2020 18:10:27;4313;936;11;31;1;S;439551,950269486;4474882,25053889
08/12/2020 18:10:27;4314;333;12;0;0;S;439535,370228327;4474715,26756281
08/12/2020 18:10:27;4315;869;5;29;1;S;439450,524773753;4474795,73687528
08/12/2020 18:10:27;4316;367;7;71;2;S;439408,960534888;4474929,51134133
08/12/2020 18:10:27;4317;1020;12;38;1;N;439357,053153054;4474701,76717233
08/12/2020 18:10:27;4318;24;16;19;0;S;439283,72279379;4474626,73813939
08/12/2020 18:10:27;4319;900;15;65;2;N;439258,917777668;4474756,61541022
08/12/2020 18:10:27;4320;480;3;20;0;N;439102,41758073;4474652,12964062
08/12/2020 18:10:27;3652;784;19;53;2;S;439514,878824753;4474863,15401436
08/12/2020 18:10:27;4333;584;12;37;1;S;439532,523039798;4474863,79795033
08/12/2020 18:10:27;4334;75;6;16;0;S;439513,194132633;4474821,4588388
08/12/2020 18:10:27;4335;985;24;63;2;S;439499,647466956;4474822,25044397
08/12/2020 18:10:27;4336;812;21;53;2;S;439493,508674241;4474835,52633138
08/12/2020 18:10:27;4337;240;2;11;0;N;438994,728616233;4476352,94865147
08/12/2020 18:10:27;4338;1080;4;34;1;N;439034,416488366;4476201,82526628
08/12/2020 18:10:27;4339;60;50;53;2;N;439036,097190302;4476184,37596753
08/12/2020 18:10:27;4340;504;3;23;0;S;438860,366720657;4476220,97399566
08/12/2020 18:10:27;4341;1380;7;43;1;N;439100,55239806;4476080,5602768
08/12/2020 18:10:27;4342;300;2;11;0;N;439150,064921039;4476085,86195717
08/12/2020 18:10:27;3745;1620;12;78;3;N;439139,41859701;4476005,31486159
08/12/2020 18:10:27;3746;0;0;0;0;N;439056,423568781;4475943,5557195
08/12/2020 18:10:27;3747;180;13;29;1;N;439275,27888479;4475940,67368966
08/12/2020 18:10:27;4343;900;4;33;1;N;439213,27905088;4475853,07363982
08/12/2020 18:10:27;10646;0;0;0;0;N;439422,437289726;4475154,47222189
08/12/2020 18:10:27;4345;0;0;0;0;N;439162,471437281;4475761,91640084
08/12/2020 18:10:27;4346;1020;7;43;1;N;439229,153112277;4475839,11987853
08/12/2020 18:10:27;4347;0;0;0;0;N;439198,981523806;4475788,02277948
08/12/2020 18:10:27;4348;660;8;33;1;N;439293,831829548;4475694,02122368
08/12/2020 18:10:27;3621;240;4;13;0;N;439408,159747008;4475701,42743381
08/12/2020 18:10:27;4349;600;5;32;1;N;439398,273295113;4475524,09204406
08/12/2020 18:10:27;4350;1260;8;66;2;N;439335,362559971;4475641,93692801
08/12/2020 18:10:27;4351;600;5;29;1;N;439363,02820441;4475575,29573868
08/12/2020 18:10:27;4352;180;2;20;0;N;439363,416460796;4475417,79030305
08/12/2020 18:10:27;4354;600;5;43;1;N;439523,130697889;4475274,91796331
08/12/2020 18:10:27;10645;180;3;14;0;N;439388,895599701;4475078,44439116
08/12/2020 18:10:27;4355;0;0;0;0;N;439484,30307355;4475288,63898199
08/12/2020 18:10:27;4356;0;0;0;0;N;439071,939658461;4476266,69965452
08/12/2020 18:10:27;4357;420;4;26;1;N;439064,476147897;4476274,98563321
08/12/2020 18:10:27;4358;0;0;0;0;N;438820,385363026;4475916,56626876
08/12/2020 18:10:27;4359;480;3;18;0;N;438768,269369896;4475831,4491484
08/12/2020 18:10:27;4360;600;6;32;1;N;438696,249626537;4475732,52228748
08/12/2020 18:10:27;4361;120;2;6;0;N;438818,608915311;4475620,4129048
08/12/2020 18:10:27;4362;180;1;7;0;N;438669,097531894;4475636,46856553
08/12/2020 18:10:27;3565;300;3;13;0;N;438979,57838912;4475541,66838131
08/12/2020 18:10:27;4363;360;3;18;0;N;438870,153397469;4475654,14745438
08/12/2020 18:10:27;4364;300;3;14;0;N;438929,035200166;4475412,08748912
08/12/2020 18:10:27;4365;300;15;38;1;N;439184,091811248;4475516,01939195
08/12/2020 18:10:27;4366;180;5;24;0;N;439039,18621202;4475435,35153371
08/12/2020 18:10:27;4367;0;0;0;0;N;439311,712231176;4475208,12073201
08/12/2020 18:10:27;10647;666;5;29;1;S;439436,090478476;4475042,65383242
08/12/2020 18:10:27;4369;240;2;18;0;N;439190,067261564;4476224,56096018
08/12/2020 18:10:27;4370;60;2;7;0;N;439112,814218384;4475656,82573225
08/12/2020 18:10:27;4371;0;0;0;0;N;439051,940863936;4475723,32473858
08/12/2020 18:10:27;4372;120;7;15;0;N;439119,151890756;4475330,99848489
08/12/2020 18:10:27;4373;1860;10;44;1;N;438839,533828391;4476407,35545364
08/12/2020 18:10:27;7066;300;2;17;0;N;439118,333471097;4476648,16046042
08/12/2020 18:10:27;4375;60;2;9;0;N;439215,46372673;4476459,89763905
08/12/2020 18:10:27;4376;900;6;30;1;N;439079,551646845;4476099,43468025
08/12/2020 18:10:27;4377;60;1;3;0;N;439124,123438562;4475343,02674271
08/12/2020 18:10:27;10271;120;2;14;0;N;438863,43344051;4475646,46752623
08/12/2020 18:10:27;10338;240;2;14;0;N;439113,277514392;4475477,39341184
08/12/2020 18:10:27;7063;900;28;68;2;N;439354,553388187;4475605,50434584
08/12/2020 18:10:27;7065;600;43;65;2;N;439351,646081018;4475597,6226602
08/12/2020 18:10:27;9965;300;3;11;0;N;441049,35976634;4477282,56674306
08/12/2020 18:10:27;9963;120;0;3;0;N;441050,229418823;4477416,02363742
08/12/2020 18:10:27;9964;0;0;0;0;N;441043,39938155;4477416,80929965
08/12/2020 18:10:27;9967;25;1;3;0;S;441063,627055428;4477346,7429661
08/12/2020 18:10:27;3715;720;4;35;1;N;438985,944454729;4476610,70279912
08/12/2020 18:10:27;3716;1680;5;27;1;N;438961,493144113;4476609,01138207
08/12/2020 18:10:27;3717;480;5;18;0;N;439109,437862959;4476535,29235978
08/12/2020 18:10:27;4470;60;2;5;0;N;439098,591568527;4476931,86649292
08/12/2020 18:10:27;4471;960;4;27;1;N;439216,9004747;4476818,29504895
08/12/2020 18:10:27;3468;0;0;0;0;N;439286,174401318;4476890,00076013
08/12/2020 18:10:27;3469;960;7;41;1;N;439455,92042368;4477026,36199324
08/12/2020 18:10:27;6979;1200;7;45;1;N;439611,826395435;4477162,25630597
08/12/2020 18:10:27;4473;240;3;14;0;N;439576,662096374;4477219,90355668
08/12/2020 18:10:27;3395;480;5;30;1;N;439824,169575011;4477151,28307507
08/12/2020 18:10:27;3396;180;2;6;0;N;439245,077843593;4476756,38438309
08/12/2020 18:10:27;3397;180;3;11;0;N;439447,897745447;4476730,73682763
08/12/2020 18:10:27;4475;60;1;4;0;N;439549,629587218;4476824,68988017
08/12/2020 18:10:27;7019;300;3;25;0;N;439676,100963952;4476804,07671149
08/12/2020 18:10:27;9961;1740;9;53;2;N;438984,571486238;4476617,31819364
08/12/2020 18:10:27;9962;60;2;8;0;N;439008,627949095;4476780,63137166
08/12/2020 18:10:27;10216;0;0;0;0;N;439065,516093023;4476948,31675975
08/12/2020 18:10:27;4476;120;3;8;0;N;439280,269475235;4477787,02347657
08/12/2020 18:10:27;4477;180;3;15;0;N;439197,046624731;4477737,36529917
08/12/2020 18:10:27;10560;0;0;0;0;N;439588,330786087;4477148,66253796
08/12/2020 18:10:27;5404;120;48;51;2;N;438197,3134196;4479048,68149896
08/12/2020 18:10:27;5405;240;62;67;2;N;438076,245001152;4478700,96891196
08/12/2020 18:10:27;5406;60;2;6;0;N;438420,110809705;4477789,7448929
08/12/2020 18:10:27;5407;0;0;0;0;N;438287,049440827;4477630,65315304
08/12/2020 18:10:27;5408;180;2;6;0;N;438146,090509825;4477746,2121969
08/12/2020 18:10:27;5409;120;5;13;0;N;438325,065618684;4477505,96367062
08/12/2020 18:10:27;9930;960;4;21;0;N;438153,35070286;4478924,53583276
08/12/2020 18:10:27;9932;900;4;20;0;N;438140,168305344;4478935,51838553
08/12/2020 18:10:27;9931;840;5;27;1;N;438329,86209088;4479119,94803789
08/12/2020 18:10:27;9929;540;3;18;0;N;438316,592385379;4479108,35845771
08/12/2020 18:10:27;9907;900;7;28;1;N;438001,287266471;4478595,6404707
08/12/2020 18:10:27;5410;60;3;6;0;N;438132,27158678;4478715,86142869
08/12/2020 18:10:27;9909;900;6;27;1;N;438038,198391613;4478643,74873147
08/12/2020 18:10:27;9908;60;2;6;0;N;438163,923647101;4478563,23586114
08/12/2020 18:10:27;9926;540;2;17;0;N;438160,749784597;4477984,47399142
08/12/2020 18:10:27;9928;60;1;3;0;N;438330,724103182;4477845,54544123
08/12/2020 18:10:27;10011;360;7;29;1;N;438498,33831815;4477794,49054108
08/12/2020 18:10:27;9933;180;3;15;0;N;438591,995244517;4477732,63944658
08/12/2020 18:10:27;9934;180;2;14;0;N;438600,456047016;4477729,45431657
08/12/2020 18:10:27;9917;240;3;16;0;N;438041,100139773;4477656,21033917
08/12/2020 18:10:27;9920;0;0;0;0;N;438038,115978203;4477645,9613894
08/12/2020 18:10:27;5412;180;5;19;0;N;438262,66491381;4477745,78054993
08/12/2020 18:10:27;4478;780;41;55;2;N;438713,063774917;4474888,95069806
08/12/2020 18:10:27;4479;60;1;3;0;N;438587,614563501;4475011,11684269
08/12/2020 18:10:27;3437;120;1;5;0;N;438536,099113203;4475083,05306863
08/12/2020 18:10:27;3438;540;8;25;0;N;438461,68705911;4475270,90245983
08/12/2020 18:10:27;4480;300;2;12;0;N;438263,178363211;4475390,36951696
08/12/2020 18:10:27;4481;1200;7;44;1;N;438212,771448263;4475477,62393905
08/12/2020 18:10:27;4482;0;0;0;0;N;438503,673788816;4475144,57734456
08/12/2020 18:10:27;3675;0;0;0;0;N;438017,491665546;4475719,3760447
08/12/2020 18:10:27;3676;900;6;34;1;N;437960,69774357;4475818,1654544
08/12/2020 18:10:27;4304;420;4;17;0;N;438794,923524848;4474784,55748109
08/12/2020 18:10:27;4484;600;4;23;0;N;437828,797048497;4476017,61322382
08/12/2020 18:10:27;3470;300;8;26;1;N;437837,050396113;4475889,13089111
08/12/2020 18:10:27;4321;780;10;33;1;N;439056,191921283;4474664,50347388
08/12/2020 18:10:27;4322;60;2;6;0;N;439079,505554687;4474750,00330456
08/12/2020 18:10:27;4323;1140;4;28;1;N;438898,938194063;4474443,60648448
08/12/2020 18:10:27;4324;900;5;24;0;N;438873,017451588;4474501,24980603
08/12/2020 18:10:27;3651;720;3;19;0;N;438861,902999113;4474456,77627813
08/12/2020 18:10:27;4489;300;2;10;0;N;437924,400836011;4476506,73915743
08/12/2020 18:10:27;4490;840;7;61;2;N;437971,525691907;4476378,96072289
08/12/2020 18:10:27;3512;300;2;15;0;N;437842,405243111;4476410,72221126
08/12/2020 18:10:27;4491;35;5;6;0;S;437875,64911975;4476680,7050532
08/12/2020 18:10:27;4492;600;3;23;0;N;437985,485296751;4476705,0681722
08/12/2020 18:10:27;4493;0;0;0;0;N;437885,540637145;4476656,40488968
08/12/2020 18:10:27;7058;240;7;26;1;N;438318,728575068;4475108,5586154
08/12/2020 18:10:27;7059;0;0;0;0;N;438299,647999971;4475147,84664057
08/12/2020 18:10:27;7073;600;5;37;1;N;437933,546685254;4476501,53525704
08/12/2020 18:10:27;7075;480;8;44;1;N;437894,757741975;4476681,9553893
08/12/2020 18:10:27;3650;840;4;26;1;N;439108,555732396;4474658,64294395
08/12/2020 18:10:27;4325;420;3;17;0;N;439004,568025229;4473956,23706012
08/12/2020 18:10:27;4326;240;3;11;0;N;438820,256139815;4473840,4197485
08/12/2020 18:10:27;4327;480;4;19;0;N;438671,57336121;4473952,2064743
08/12/2020 18:10:27;5116;300;3;22;0;N;438846,257275243;4474103,95160922
08/12/2020 18:10:27;5117;60;2;6;0;N;439272,886912377;4473946,40518015
08/12/2020 18:10:27;4328;180;2;8;0;N;439137,023765259;4473828,14576549
08/12/2020 18:10:27;4329;300;1;8;0;N;439056,970953211;4473944,15277904
08/12/2020 18:10:27;4330;720;12;33;1;N;439185,954980675;4474025,64925147
08/12/2020 18:10:27;10407;360;2;14;0;N;438812,957012213;4473841,23076268
08/12/2020 18:10:27;10408;360;4;16;0;N;438670,965100576;4473958,18770386
08/12/2020 18:10:27;4331;300;60;70;2;N;438848,245526014;4474086,13734639
08/12/2020 18:10:27;7102;0;0;0;0;N;438975,222120438;4473952,12855883
08/12/2020 18:10:27;10000;63;0;5;0;S;438122,970840892;4475625,60245153
08/12/2020 18:10:27;10467;120;87;88;3;N;437871,463603481;4475912,26582043
08/12/2020 18:10:27;4495;120;2;12;0;N;440185,211706867;4478675,7811467
08/12/2020 18:10:27;4496;60;0;5;0;N;440123,070354188;4478676,19160837
08/12/2020 18:10:27;4497;60;0;5;0;N;440064,732550249;4478684,02431762
08/12/2020 18:10:27;3524;120;3;13;0;N;440038,964233782;4478681,8421892
08/12/2020 18:10:27;4498;120;2;8;0;N;439842,191884997;4478725,70603078
08/12/2020 18:10:27;4499;300;3;15;0;N;439803,713536376;4478757,09444391
08/12/2020 18:10:27;4500;269;5;13;0;S;439733,944279016;4478904,27112873
08/12/2020 18:10:27;4501;300;3;15;0;N;439653,147685;4478750,52101966
08/12/2020 18:10:27;4502;300;3;16;0;N;439616,053886702;4478805,66623144
08/12/2020 18:10:27;4503;0;0;0;0;N;439572,107245384;4478942,55752633
08/12/2020 18:10:27;4504;180;1;9;0;N;439505,383990711;4478829,72501333
08/12/2020 18:10:27;4505;540;4;26;1;N;439574,18432251;4478798,5357282
08/12/2020 18:10:27;4506;180;2;10;0;N;439390,557086124;4478879,13569376
08/12/2020 18:10:27;4507;300;2;14;0;N;439422,096031376;4478858,06598006
08/12/2020 18:10:27;4508;180;2;9;0;N;439330,702258361;4478898,55814366
08/12/2020 18:10:27;4509;360;2;17;0;N;439239,493498752;4478942,25947127
08/12/2020 18:10:27;4510;180;2;9;0;N;439129,744431552;4478980,21990139
08/12/2020 18:10:27;7114;120;0;10;0;N;440280,852813895;4478685,2605986
08/12/2020 18:10:27;10097;60;0;2;0;N;440057,320665002;4479440,8122517
08/12/2020 18:10:27;4511;120;2;7;0;N;438983,6129832;4479133,45084563
08/12/2020 18:10:27;3472;60;0;3;0;N;439055,890438997;4479205,93602926
08/12/2020 18:10:27;3473;300;12;34;1;N;439077,692701061;4479348,87779345
08/12/2020 18:10:27;4512;360;3;19;0;N;438943,007840287;4479464,19922121
08/12/2020 18:10:27;4513;120;1;6;0;N;439553,670404105;4478568,02001516
08/12/2020 18:10:27;4514;60;1;3;0;N;439586,755102145;4478611,72474313
08/12/2020 18:10:27;4515;240;3;13;0;N;439533,217216149;4478469,83832716
08/12/2020 18:10:27;4516;180;2;15;0;N;439396,732693535;4478412,92464488
08/12/2020 18:10:27;5142;60;1;3;0;N;439275,182971241;4478342,46388145
08/12/2020 18:10:27;3440;36;41;42;1;S;439089,838242739;4478174,83956817
08/12/2020 18:10:27;3514;0;0;0;0;N;439190,21206682;4478093,06495772
08/12/2020 18:10:27;5143;240;2;13;0;N;439562,827754528;4478418,1454688
08/12/2020 18:10:27;4517;33;1;7;0;S;439551,04402037;4478350,96619137
08/12/2020 18:10:27;4518;320;6;16;0;S;439584,19584459;4478344,37705886
08/12/2020 18:10:27;4519;180;1;8;0;N;439632,914023976;4478260,51515687
08/12/2020 18:10:27;4520;540;13;52;2;N;439601,143392225;4478235,92074879
08/12/2020 18:10:27;4521;360;3;18;0;N;439699,590896869;4478104,68241488
08/12/2020 18:10:27;4522;60;2;7;0;N;439767,052004879;4478220,49457533
08/12/2020 18:10:27;4523;180;3;18;0;N;439761,934395528;4478215,45038841
08/12/2020 18:10:27;3638;0;0;0;0;N;439534,096137498;4478306,48637178
08/12/2020 18:10:27;4524;300;3;27;1;N;439444,193183139;4478399,21944294
08/12/2020 18:10:27;4525;60;2;7;0;N;439436,106949665;4478398,57884027
08/12/2020 18:10:27;4526;0;0;0;0;N;439416,452923597;4478261,47523163
08/12/2020 18:10:27;4527;180;7;31;1;N;439530,871613155;4478275,382327
08/12/2020 18:10:27;4528;0;0;0;0;N;439906,235506277;4478252,63280563
08/12/2020 18:10:27;3733;240;3;22;0;N;439839,753445389;4478071,84533384
08/12/2020 18:10:27;9960;60;45;50;1;N;439350,763441275;4478419,04664725
08/12/2020 18:10:27;3639;180;3;18;0;N;439862,772612851;4479128,7003273
08/12/2020 18:10:27;3734;0;0;0;0;N;439968,554971869;4479159,3424679
08/12/2020 18:10:27;4529;240;2;12;0;N;439981,635980353;4479343,74623303
08/12/2020 18:10:27;3735;600;5;29;1;N;439932,229198141;4479348,42559424
08/12/2020 18:10:27;4530;120;1;6;0;N;439879,540824152;4479438,95801574
08/12/2020 18:10:27;4531;540;5;28;1;N;439835,356234568;4479580,13038038
08/12/2020 18:10:27;4532;180;2;9;0;N;439792,348017755;4479633,08767321
08/12/2020 18:10:27;4533;600;8;58;2;N;439747,06529936;4479797,75025494
08/12/2020 18:10:27;4534;60;1;4;0;N;439707,79744193;4479738,43146974
08/12/2020 18:10:27;4535;60;0;3;0;N;440006,936371246;4479393,79074986
08/12/2020 18:10:27;4536;120;2;12;0;N;440070,89504032;4479355,92725489
08/12/2020 18:10:27;4537;180;3;18;0;N;439488,263364306;4478673,84501914
08/12/2020 18:10:27;3595;0;0;0;0;N;439445,745771835;4478622,78372827
08/12/2020 18:10:27;4538;0;0;0;0;N;439623,304302801;4478492,27590363
08/12/2020 18:10:27;4539;60;2;9;0;N;439769,057887952;4478626,98665582
08/12/2020 18:10:27;3767;240;0;7;0;N;440279,238008846;4478691,46818515
08/12/2020 18:10:27;4540;180;1;8;0;N;439888,612072442;4478717,58091432
08/12/2020 18:10:27;3708;0;0;0;0;N;439295,33297668;4478888,62555942
08/12/2020 18:10:27;10218;60;2;6;0;N;440155,882483637;4478573,02051724
08/12/2020 18:10:27;10219;60;0;4;0;N;440075,699941257;4478475,90594346
08/12/2020 18:10:27;10220;60;3;7;0;N;440173,152734275;4478466,17263103
08/12/2020 18:10:27;10221;60;2;6;0;N;440077,772061564;4478562,00656456
08/12/2020 18:10:27;3413;198;16;27;1;S;439838,74150726;4477984,53992777
08/12/2020 18:10:27;3412;120;2;22;0;N;439935,019118787;4477781,2071253
08/12/2020 18:10:27;10212;300;2;10;0;N;439764,798742681;4477955,02788559
08/12/2020 18:10:27;9914;60;2;8;0;N;439695,762804258;4477897,63977891
08/12/2020 18:10:27;10195;0;0;0;0;N;439693,228812451;4478052,48712654
08/12/2020 18:10:27;6983;240;1;8;0;N;439885,51439443;4477740,28827549
08/12/2020 18:10:27;10012;25;8;11;0;S;438589,960882037;4479957,51641456
08/12/2020 18:10:27;10153;0;0;0;0;N;439999,893880628;4480030,1093442
08/12/2020 18:10:27;4543;300;4;14;0;N;439963,970869351;4479897,88019108
08/12/2020 18:10:27;10154;240;5;20;0;N;439918,940548866;4479972,4703683
08/12/2020 18:10:27;4545;180;3;15;0;N;439756,303279783;4480157,24608054
08/12/2020 18:10:27;4546;540;2;20;0;N;439806,736447694;4480321,88889627
08/12/2020 18:10:27;4548;900;4;23;0;N;439588,459549828;4480327,68698465
08/12/2020 18:10:27;4549;120;2;10;0;N;439628,174752984;4480441,98148991
08/12/2020 18:10:27;4550;120;2;9;0;N;439713,540866086;4480497,12121967
08/12/2020 18:10:27;4551;420;8;34;1;N;439686,622286644;4480605,12257411
08/12/2020 18:10:27;4552;60;0;4;0;N;439680,905931297;4480613,11063627
08/12/2020 18:10:27;4553;240;5;20;0;N;439841,411697538;4480787,48846523
08/12/2020 18:10:27;4554;60;2;6;0;N;439730,169156693;4480416,48746317
08/12/2020 18:10:27;9882;120;2;10;0;N;440274,201006031;4480474,04224325
08/12/2020 18:10:27;4556;60;3;8;0;N;439593,796016424;4480884,11482743
08/12/2020 18:10:27;3408;300;7;26;1;N;439679,945398523;4480857,07744276
08/12/2020 18:10:27;4557;180;10;21;0;N;439701,582651473;4480803,13061649
08/12/2020 18:10:27;4558;120;2;6;0;N;440712,420627571;4480726,91359157
08/12/2020 18:10:27;4559;60;2;6;0;N;440700,726966062;4480828,7725771
08/12/2020 18:10:27;3829;600;4;23;0;N;440654,561133361;4480713,49994769
08/12/2020 18:10:27;4560;120;2;10;0;N;440607,0995923;4480750,88493458
08/12/2020 18:10:27;4561;180;7;18;0;N;440570,950726292;4480868,18772945
08/12/2020 18:10:27;4562;60;0;4;0;N;440561,212959753;4480873,39822935
08/12/2020 18:10:27;3824;240;7;22;0;N;440494,275043077;4480965,73266599
08/12/2020 18:10:27;3825;120;2;10;0;N;440208,416864634;4480469,91744372
08/12/2020 18:10:27;4563;1200;14;43;1;N;440396,570599884;4480466,34199632
08/12/2020 18:10:27;4564;60;0;4;0;N;440408,325077928;4480796,51657405
08/12/2020 18:10:27;3596;180;5;16;0;N;440411,738939707;4480846,91480833
08/12/2020 18:10:27;4565;120;3;11;0;N;440427,642984057;4480943,07934757
08/12/2020 18:10:27;4566;180;3;15;0;N;440346,744382272;4481028,84566659
08/12/2020 18:10:27;4567;180;3;15;0;N;440223,433237466;4480889,98024634
08/12/2020 18:10:27;4568;120;2;10;0;N;440231,718760577;4480896,67224805
08/12/2020 18:10:27;4569;120;3;11;0;N;439956,329403021;4480818,62686458
08/12/2020 18:10:27;3588;480;5;35;1;N;439608,299466471;4480116,38113921
08/12/2020 18:10:27;3589;1140;5;35;1;N;439575,23743818;4480088,07424558
08/12/2020 18:10:27;4570;360;3;15;0;N;439637,427589454;4480340,73444732
08/12/2020 18:10:27;10165;0;0;0;0;N;440044,972284753;4480121,41104605
08/12/2020 18:10:27;10166;300;4;14;0;N;440346,260063842;4480184,90074411
08/12/2020 18:10:27;3737;24;1;4;0;S;440874,937839261;4480694,88767891
08/12/2020 18:10:27;4572;0;0;0;0;N;440887,825589137;4480695,04861911
08/12/2020 18:10:27;4573;0;0;0;0;N;440879,622623788;4480684,05413729
08/12/2020 18:10:27;4574;0;0;0;0;N;440600,136945329;4480498,29851046
08/12/2020 18:10:27;4575;149;5;6;0;S;440737,938166637;4480371,22681141
08/12/2020 18:10:27;4576;720;2;18;0;N;440612,509599346;4480475,26384722
08/12/2020 18:10:27;3738;0;0;0;0;N;441041,496924738;4480094,76408098
08/12/2020 18:10:27;4577;286;4;8;0;S;440894,446272494;4480236,10188888
08/12/2020 18:10:27;4578;180;0;4;0;N;441277,629612023;4479885,54253867
08/12/2020 18:10:27;4579;302;3;9;0;S;441104,175981167;4480019,12700748
08/12/2020 18:10:27;4580;120;30;37;1;N;441242,681843676;4479871,55622469
08/12/2020 18:10:27;4581;240;2;7;0;N;441474,077531121;4479780,0778894
08/12/2020 18:10:27;4582;186;3;7;0;S;441356,340799391;4479855,78640435
08/12/2020 18:10:27;7024;480;3;42;1;N;440838,196057601;4480661,97278421
08/12/2020 18:10:27;9915;720;17;34;1;N;440992,697979799;4480689,2852869
08/12/2020 18:10:27;9916;480;2;15;0;N;440991,650157525;4480682,67961206
08/12/2020 18:10:27;9919;840;5;27;1;N;440785,178595054;4480688,91849679
08/12/2020 18:10:27;9918;840;5;27;1;N;440771,84731628;4480684,67652653
08/12/2020 18:10:27;4585;780;3;20;0;N;441780,821978764;4480860,2991203
08/12/2020 18:10:27;4586;180;2;9;0;N;441913,089745804;4480690,31103784
08/12/2020 18:10:27;4587;60;0;5;0;N;441890,518384418;4480687,8391433
08/12/2020 18:10:27;4588;0;0;0;0;N;441869,525046053;4480612,58321666
08/12/2020 18:10:27;4589;360;1;7;0;N;441763,401036859;4480517,33924999
08/12/2020 18:10:27;4590;26;1;5;0;S;441752,376365754;4480701,42329925
08/12/2020 18:10:27;4591;27;2;5;0;S;441739,577286844;4480643,27048427
08/12/2020 18:10:27;4592;360;3;11;0;N;441501,416886807;4480819,83138121
08/12/2020 18:10:27;4593;360;2;10;0;N;441701,110167971;4480735,52380384
08/12/2020 18:10:27;4594;960;3;19;0;N;441632,481608475;4480637,74388656
08/12/2020 18:10:27;4595;120;3;11;0;N;441470,447022199;4480648,86585357
08/12/2020 18:10:27;4596;540;37;60;2;N;441469,594637652;4480663,27250769
08/12/2020 18:10:27;4597;300;3;27;1;N;441465,15471304;4480657,19183478
08/12/2020 18:10:27;10032;600;3;16;0;N;441256,722761176;4481178,14471425
08/12/2020 18:10:27;4598;60;0;3;0;N;441754,631128009;4481244,95313805
08/12/2020 18:10:27;4599;0;0;0;0;N;441755,760103618;4481230,36479562
08/12/2020 18:10:27;4600;60;0;3;0;N;441682,700198775;4481245,1834775
08/12/2020 18:10:27;4601;55;4;6;0;S;441657,56732465;4481247,11654265
08/12/2020 18:10:27;4602;56;3;6;0;S;441616,566417974;4481264,30385851
08/12/2020 18:10:27;4603;120;0;4;0;N;441518,723091118;4481178,48027172
08/12/2020 18:10:27;4604;300;2;12;0;N;441494,42400796;4481185,48791526
08/12/2020 18:10:27;4605;300;2;12;0;N;441481,772782472;4480922,10693892
08/12/2020 18:10:27;4606;300;2;12;0;N;441489,629227169;4480924,98980748
08/12/2020 18:10:27;4607;300;2;12;0;N;441510,554104836;4480868,09007234
08/12/2020 18:10:27;4608;60;1;3;0;N;442092,763288417;4481384,75220664
08/12/2020 18:10:27;4609;24;5;6;0;S;442103,361140438;4481283,62426266
08/12/2020 18:10:27;4610;60;1;3;0;N;441959,121413542;4481309,23959627
08/12/2020 18:10:27;4611;60;0;2;0;N;442017,400416143;4480985,75463298
08/12/2020 18:10:27;4612;25;7;9;0;S;442040,548300665;4480860,929286
08/12/2020 18:10:27;4613;0;0;0;0;N;441972,852296478;4480856,31919317
08/12/2020 18:10:27;4614;60;1;3;0;N;441973,32348939;4480724,79270198
08/12/2020 18:10:27;4615;260;1;8;0;N;442009,504606359;4480558,08487662
08/12/2020 18:10:27;4616;240;1;9;0;N;441874,801673087;4480469,23608802
08/12/2020 18:10:27;4617;240;2;12;0;N;441827,79410236;4480594,04854623
08/12/2020 18:10:27;4618;60;2;6;0;N;441779,356990992;4480093,4222828
08/12/2020 18:10:27;4619;60;0;2;0;N;441807,89385588;4479894,10894449
08/12/2020 18:10:27;4620;180;1;7;0;N;441703,272029818;4479903,25372203
08/12/2020 18:10:27;4621;240;3;19;0;N;441970,306512113;4480289,51093619
08/12/2020 18:10:27;4622;60;2;7;0;N;441987,150281304;4480165,86777243
08/12/2020 18:10:27;3591;240;5;20;0;N;441861,932969173;4480127,10893132
08/12/2020 18:10:27;3592;240;1;9;0;N;441856,875903256;4480133,32830483
08/12/2020 18:10:27;10033;60;15;19;0;N;441184,271547952;4481458,88290372
08/12/2020 18:10:27;7142;60;83;84;3;N;440975,923675936;4481223,65753637
08/12/2020 18:10:27;7141;180;22;34;1;N;440948,571856491;4481193,46104141
08/12/2020 18:10:27;4623;420;3;19;0;N;442509,84560819;4477004,66462491
08/12/2020 18:10:27;3739;240;2;11;0;N;442591,468265947;4477054,02472954
08/12/2020 18:10:27;3740;180;46;50;1;N;442651,367594469;4477106,0424607
08/12/2020 18:10:27;4624;60;3;7;0;N;442753,374825819;4476984,13867081
08/12/2020 18:10:27;3741;332;17;42;1;S;442737,561360127;4477183,24064455
08/12/2020 18:10:27;4625;180;5;21;0;N;442723,18085402;4477174,10221904
08/12/2020 18:10:27;4626;0;0;0;0;N;442889,700892275;4477326,11273041
08/12/2020 18:10:27;3474;120;2;12;0;N;442941,250806452;4477371,64892006
08/12/2020 18:10:27;4627;180;3;18;0;N;443155,574658931;4477543,65059672
08/12/2020 18:10:27;4628;120;2;12;0;N;443109,020150994;4477507,76517928
08/12/2020 18:10:27;4629;180;3;18;0;N;443238,326228927;4477620,58671676
08/12/2020 18:10:27;4630;120;3;13;0;N;443293,323877996;4477683,16203971
08/12/2020 18:10:27;4631;120;2;11;0;N;443372,866451054;4477739,52821535
08/12/2020 18:10:27;4632;60;3;9;0;N;443420,158732174;4477777,57293559
08/12/2020 18:10:27;4633;300;3;15;0;N;443519,432647072;4477761,84396895
08/12/2020 18:10:27;4634;120;1;7;0;N;443299,008546398;4477065,31630498
08/12/2020 18:10:27;4635;120;0;4;0;N;443446,429448574;4477065,48004751
08/12/2020 18:10:27;4636;600;13;42;1;N;443521,660809184;4477145,71527265
08/12/2020 18:10:27;4637;240;2;11;0;N;443404,147967146;4477253,73177807
08/12/2020 18:10:27;3398;120;1;5;0;N;443424,463526347;4477292,41242933
08/12/2020 18:10:27;3399;174;5;13;0;S;443427,116625111;4477356,96149709
08/12/2020 18:10:27;3400;0;0;0;0;N;443327,509807305;4477411,21850916
08/12/2020 18:10:27;4638;420;3;16;0;N;443453,740157357;4477436,60093261
08/12/2020 18:10:27;9968;180;3;18;0;N;442917,412256555;4477347,65112297
08/12/2020 18:10:27;4639;180;5;11;0;N;443478,367692821;4477547,15453215
08/12/2020 18:10:27;10040;240;2;13;0;N;443479,775211051;4477605,68670173
08/12/2020 18:10:27;10039;0;0;0;0;N;443373,140520225;4477615,81850103
08/12/2020 18:10:27;4640;180;7;26;1;N;443422,144740188;4477519,06769312
08/12/2020 18:10:27;4641;60;2;8;0;N;443280,179584136;4477898,79390493
08/12/2020 18:10:27;4642;540;3;20;0;N;443391,290633608;4478108,22432801
08/12/2020 18:10:27;4643;300;3;15;0;N;443428,29267907;4477932,64213273
08/12/2020 18:10:27;3689;120;30;38;1;N;443383,099158953;4477282,11676374
08/12/2020 18:10:27;3690;0;0;0;0;N;442956,445725928;4477798,33267744
08/12/2020 18:10:27;4644;180;5;19;0;N;442769,784133006;4477775,41231781
08/12/2020 18:10:27;4645;60;2;8;0;N;442845,781949782;4477826,69637718
08/12/2020 18:10:27;10041;360;8;33;1;N;443374,873128942;4477211,15251541
08/12/2020 18:10:27;4647;120;5;15;0;N;443289,540038374;4477300,52729363
08/12/2020 18:10:27;10042;266;2;10;0;N;443284,928674316;4477207,17678197
08/12/2020 18:10:27;10045;120;1;5;0;N;443102,529792144;4476914,96546403
08/12/2020 18:10:27;10047;120;8;22;0;N;443154,319555366;4477005,89901607
08/12/2020 18:10:27;4648;326;6;20;0;S;443006,122583516;4476945,26351867
08/12/2020 18:10:27;4649;120;3;15;0;N;442916,000098939;4476862,85358893
08/12/2020 18:10:27;4650;300;8;31;1;N;442796,640187686;4476894,0635706
08/12/2020 18:10:27;3525;120;5;15;0;N;443100,111531158;4476490,99153966
08/12/2020 18:10:27;3526;120;2;11;0;N;443133,271771878;4476458,03682836
08/12/2020 18:10:27;4651;180;3;25;0;N;443171,994377026;4476324,93236444
08/12/2020 18:10:27;4652;180;2;18;0;N;443155,282898187;4476241,16492887
08/12/2020 18:10:27;4653;240;5;28;1;N;443132,439879849;4476103,64634158
08/12/2020 18:10:27;4654;0;0;0;0;N;443043,645399661;4475982,91895255
08/12/2020 18:10:27;3501;120;2;14;0;N;443129,575466359;4476017,04227851
08/12/2020 18:10:27;3502;300;5;34;1;N;443129,65230661;4475940,20030564
08/12/2020 18:10:27;3503;180;3;19;0;N;443125,899546259;4475807,79156701
08/12/2020 18:10:27;3504;120;1;5;0;N;443255,692051848;4475930,24229558
08/12/2020 18:10:27;4655;180;3;18;0;N;443274,124744714;4475928,55040269
08/12/2020 18:10:27;4656;360;4;15;0;N;443487,640624205;4475963,27243059
08/12/2020 18:10:27;4657;180;7;21;0;N;443510,427023304;4475961,45184616
08/12/2020 18:10:27;4658;60;13;16;0;N;443578,224601429;4475987,6028632
08/12/2020 18:10:27;4659;60;0;3;0;N;443737,279124568;4476086,56792925
08/12/2020 18:10:27;4661;180;7;18;0;N;443599,093406431;4476379,89641091
08/12/2020 18:10:27;4662;60;2;6;0;N;443678,555922104;4476295,51133147
08/12/2020 18:10:27;4663;60;2;8;0;N;443734,578286708;4477034,20359189
08/12/2020 18:10:27;4664;480;3;17;0;N;443641,700070918;4476917,45802159
08/12/2020 18:10:27;4665;60;2;6;0;N;443770,678721965;4476803,46076418
08/12/2020 18:10:27;4666;120;2;10;0;N;443777,088206926;4476794,16155361
08/12/2020 18:10:27;4667;420;8;34;1;N;443732,318980452;4476606,80949032
08/12/2020 18:10:27;4668;0;0;0;0;N;443731,566750385;4476595,97960836
08/12/2020 18:10:27;4669;360;2;14;0;N;443482,167715928;4476338,87330477
08/12/2020 18:10:27;4670;300;3;12;0;N;443936,758492938;4476712,87523664
08/12/2020 18:10:27;4671;420;10;42;1;N;443857,813797306;4476641,23959634
08/12/2020 18:10:27;3414;960;13;43;1;N;444034,068700908;4476644,47545937
08/12/2020 18:10:27;3415;540;4;14;0;N;443925,9487372;4476531,50650921
08/12/2020 18:10:27;3416;240;2;8;0;N;443935,3267727;4476477,32386506
08/12/2020 18:10:27;4672;480;3;19;0;N;443780,707989763;4476413,56888552
08/12/2020 18:10:27;4673;480;3;17;0;N;443923,717243509;4476386,26445964
08/12/2020 18:10:27;4674;60;0;2;0;N;443822,888993652;4476275,66364724
08/12/2020 18:10:27;4675;300;2;9;0;N;444070,666071722;4476258,497763
08/12/2020 18:10:27;4676;180;2;10;0;N;443922,099121365;4476176,41898697
08/12/2020 18:10:27;4677;240;2;8;0;N;443919,382835589;4476205,0878938
08/12/2020 18:10:27;4678;600;4;17;0;N;443880,169513646;4475927,38108042
08/12/2020 18:10:27;3442;0;0;0;0;N;443415,016610907;4476221,55550851
08/12/2020 18:10:27;4679;480;4;18;0;N;443891,784508148;4476901,55584736
08/12/2020 18:10:27;4680;480;75;84;3;N;444028,394439303;4476903,0669355
08/12/2020 18:10:27;3443;300;3;12;0;N;443926,452471509;4476773,63485802
08/12/2020 18:10:27;4681;360;4;15;0;N;443821,23788506;4476900,24618689
08/12/2020 18:10:27;4682;660;5;21;0;N;443115,293830535;4475910,84215176
08/12/2020 18:10:27;4683;85;27;37;1;S;443115,278601106;4476315,6849504
08/12/2020 18:10:27;4684;120;2;13;0;N;443134,461777176;4476060,93244463
08/12/2020 18:10:27;4685;120;23;33;1;N;443699,580223242;4476085,31365416
08/12/2020 18:10:27;4686;60;52;56;2;N;442997,951252904;4476604,56192189
08/12/2020 18:10:27;4687;60;5;7;0;S;443054,342241027;4476898,62461819
08/12/2020 18:10:27;7077;46;1;3;0;S;443412,48506464;4476356,66889872
08/12/2020 18:10:27;7060;0;0;0;0;N;443352,093949711;4476442,82939238
08/12/2020 18:10:27;7061;300;4;16;0;N;443366,784246414;4476566,05956906
08/12/2020 18:10:27;7078;300;3;19;0;N;444021,554144623;4476897,97783331
